,Target
0,4
1,4
2,4
3,4
4,4
5,4
6,4
7,4
8,4
9,4
10,4
11,4
12,4
13,4
14,4
15,4
16,4
17,4
18,4
19,4
20,4
21,4
22,4
23,4
24,4
25,4
26,4
27,4
28,4
29,4
30,4
31,4
32,4
33,4
34,4
35,4
36,4
37,4
38,4
39,4
40,4
41,4
42,4
43,4
44,4
45,4
46,4
47,4
48,4
49,4
50,2
51,2
52,2
53,2
54,4
55,4
56,4
57,4
58,2
59,4
60,4
61,4
62,4
63,4
64,2
65,4
66,4
67,4
68,4
69,4
70,4
71,4
72,4
73,4
74,4
75,4
76,4
77,4
78,4
79,4
80,4
81,4
82,4
83,4
84,4
85,4
86,4
87,4
88,4
89,4
90,4
91,4
92,4
93,4
94,4
95,4
96,4
97,4
98,4
99,4
100,4
101,4
102,4
103,4
104,4
105,4
106,4
107,4
108,4
109,4
110,4
111,4
112,4
113,4
114,4
115,4
116,4
117,4
118,4
119,4
120,4
121,2
122,2
123,2
124,2
125,2
126,4
127,4
128,4
129,4
130,4
131,4
132,4
133,4
134,4
135,4
136,4
137,4
138,4
139,4
140,3
141,3
142,4
143,4
144,4
145,4
146,4
147,4
148,4
149,4
150,4
151,4
152,4
153,4
154,1
155,1
156,1
157,1
158,1
159,4
160,4
161,4
162,4
163,4
164,4
165,4
166,2
167,2
168,2
169,2
170,2
171,2
172,2
173,3
174,3
175,3
176,3
177,3
178,3
179,4
180,4
181,4
182,4
183,4
184,2
185,2
186,2
187,2
188,2
189,2
190,2
191,2
192,2
193,2
194,2
195,2
196,2
197,2
198,2
199,1
200,1
201,1
202,4
203,4
204,4
205,4
206,4
207,4
208,4
209,4
210,4
211,4
212,4
213,4
214,4
215,2
216,2
217,4
218,4
219,4
220,4
221,4
222,4
223,4
224,4
225,4
226,4
227,4
228,4
229,4
230,4
231,4
232,4
233,4
234,4
235,4
236,4
237,1
238,4
239,4
240,4
241,4
242,4
243,4
244,4
245,4
246,4
247,4
248,4
249,4
250,3
251,4
252,4
253,4
254,4
255,4
256,4
257,4
258,4
259,4
260,4
261,4
262,4
263,4
264,4
265,4
266,4
267,4
268,4
269,4
270,4
271,4
272,4
273,4
274,4
275,4
276,4
277,4
278,4
279,4
280,4
281,4
282,1
283,1
284,1
285,2
286,2
287,2
288,2
289,2
290,2
291,4
292,4
293,4
294,4
295,4
296,4
297,4
298,4
299,4
300,4
301,4
302,4
303,4
304,4
305,4
306,4
307,4
308,4
309,4
310,4
311,4
312,2
313,2
314,2
315,2
316,4
317,4
318,2
319,2
320,2
321,2
322,2
323,2
324,4
325,4
326,4
327,4
328,4
329,4
330,4
331,4
332,4
333,4
334,4
335,4
336,4
337,4
338,4
339,4
340,4
341,4
342,4
343,4
344,4
345,4
346,4
347,4
348,4
349,4
350,4
351,4
352,4
353,4
354,4
355,4
356,4
357,4
358,4
359,4
360,4
361,4
362,4
363,4
364,4
365,4
366,4
367,4
368,4
369,4
370,4
371,4
372,4
373,4
374,4
375,3
376,3
377,4
378,4
379,4
380,4
381,4
382,4
383,4
384,4
385,4
386,4
387,4
388,4
389,4
390,4
391,4
392,4
393,4
394,4
395,4
396,4
397,4
398,4
399,4
400,4
401,4
402,4
403,4
404,4
405,4
406,3
407,3
408,3
409,3
410,3
411,3
412,3
413,4
414,4
415,4
416,4
417,4
418,4
419,4
420,4
421,4
422,4
423,4
424,4
425,4
426,4
427,4
428,4
429,4
430,4
431,4
432,4
433,1
434,1
435,4
436,4
437,4
438,4
439,4
440,4
441,4
442,4
443,4
444,4
445,4
446,4
447,4
448,4
449,4
450,4
451,4
452,4
453,4
454,4
455,4
456,4
457,4
458,4
459,4
460,4
461,4
462,4
463,4
464,4
465,4
466,4
467,4
468,4
469,4
470,4
471,4
472,4
473,4
474,4
475,4
476,4
477,3
478,3
479,3
480,3
481,4
482,4
483,4
484,4
485,4
486,4
487,4
488,4
489,2
490,2
491,2
492,2
493,4
494,4
495,4
496,4
497,3
498,3
499,3
500,3
501,3
502,3
503,4
504,4
505,4
506,4
507,4
508,4
509,4
510,4
511,2
512,2
513,2
514,2
515,2
516,4
517,4
518,4
519,4
520,2
521,2
522,2
523,4
524,4
525,4
526,4
527,4
528,4
529,3
530,3
531,4
532,4
533,4
534,3
535,3
536,3
537,4
538,4
539,4
540,4
541,4
542,4
543,4
544,4
545,4
546,4
547,4
548,4
549,4
550,4
551,4
552,4
553,4
554,4
555,4
556,4
557,2
558,4
559,4
560,4
561,4
562,4
563,4
564,4
565,4
566,4
567,4
568,4
569,4
570,4
571,4
572,4
573,4
574,4
575,4
576,4
577,4
578,4
579,2
580,2
581,4
582,4
583,4
584,4
585,4
586,4
587,4
588,4
589,4
590,4
591,4
592,4
593,4
594,4
595,4
596,4
597,4
598,4
599,4
600,4
601,2
602,2
603,3
604,3
605,3
606,3
607,4
608,4
609,4
610,1
611,1
612,1
613,1
614,4
615,4
616,4
617,4
618,4
619,4
620,4
621,4
622,4
623,4
624,4
625,4
626,4
627,4
628,4
629,4
630,4
631,4
632,4
633,4
634,2
635,2
636,2
637,2
638,4
639,4
640,4
641,4
642,4
643,4
644,4
645,4
646,4
647,4
648,4
649,4
650,4
651,4
652,4
653,4
654,4
655,4
656,4
657,4
658,4
659,4
660,4
661,4
662,4
663,4
664,4
665,4
666,4
667,2
668,2
669,4
670,4
671,4
672,4
673,4
674,4
675,4
676,3
677,3
678,4
679,4
680,4
681,4
682,4
683,4
684,4
685,4
686,4
687,4
688,4
689,4
690,4
691,4
692,4
693,4
694,4
695,4
696,4
697,4
698,4
699,4
700,4
701,4
702,4
703,4
704,4
705,4
706,4
707,4
708,4
709,2
710,2
711,2
712,2
713,4
714,4
715,4
716,4
717,4
718,4
719,4
720,4
721,4
722,4
723,2
724,4
725,4
726,4
727,4
728,4
729,4
730,4
731,4
732,4
733,4
734,4
735,4
736,4
737,4
738,4
739,4
740,4
741,4
742,3
743,3
744,3
745,4
746,4
747,4
748,4
749,4
750,4
751,4
752,4
753,4
754,4
755,4
756,4
757,4
758,4
759,4
760,4
761,4
762,4
763,4
764,4
765,4
766,4
767,4
768,4
769,4
770,4
771,4
772,4
773,4
774,4
775,4
776,4
777,4
778,2
779,2
780,4
781,4
782,4
783,4
784,4
785,4
786,4
787,4
788,4
789,4
790,4
791,4
792,4
793,4
794,4
795,4
796,4
797,4
798,4
799,4
800,4
801,3
802,3
803,3
804,3
805,4
806,4
807,4
808,4
809,4
810,4
811,1
812,1
813,1
814,1
815,1
816,1
817,1
818,4
819,4
820,4
821,4
822,4
823,4
824,4
825,4
826,1
827,1
828,1
829,2
830,2
831,3
832,3
833,3
834,3
835,3
836,3
837,3
838,3
839,4
840,4
841,4
842,4
843,4
844,4
845,4
846,4
847,4
848,4
849,4
850,4
851,4
852,2
853,2
854,2
855,2
856,2
857,2
858,4
859,4
860,4
861,4
862,4
863,4
864,4
865,3
866,3
867,3
868,2
869,2
870,2
871,2
872,2
873,4
874,4
875,4
876,3
877,3
878,3
879,3
880,3
881,4
882,4
883,4
884,4
885,4
886,4
887,4
888,4
889,3
890,3
891,3
892,4
893,4
894,4
895,4
896,4
897,4
898,4
899,4
900,4
901,4
902,4
903,4
904,4
905,4
906,4
907,4
908,4
909,4
910,4
911,1
912,1
913,1
914,1
915,2
916,2
917,2
918,2
919,2
920,4
921,4
922,4
923,4
924,4
925,4
926,4
927,4
928,4
929,4
930,3
931,3
932,3
933,3
934,3
935,3
936,2
937,2
938,2
939,2
940,4
941,4
942,4
943,4
944,4
945,4
946,4
947,4
948,4
949,4
950,4
951,4
952,4
953,4
954,4
955,4
956,4
957,4
958,4
959,4
960,4
961,4
962,4
963,4
964,4
965,4
966,4
967,4
968,4
969,2
970,2
971,3
972,3
973,3
974,3
975,3
976,3
977,3
978,2
979,2
980,4
981,4
982,4
983,4
984,3
985,3
986,3
987,1
988,1
989,1
990,4
991,4
992,4
993,4
994,1
995,1
996,1
997,1
998,1
999,4
1000,4
1001,4
1002,4
1003,4
1004,4
1005,4
1006,4
1007,4
1008,4
1009,2
1010,2
1011,1
1012,1
1013,1
1014,4
1015,4
1016,4
1017,4
1018,4
1019,4
1020,4
1021,4
1022,4
1023,4
1024,4
1025,4
1026,4
1027,4
1028,4
1029,4
1030,4
1031,4
1032,4
1033,4
1034,2
1035,4
1036,4
1037,4
1038,4
1039,4
1040,4
1041,4
1042,4
1043,4
1044,4
1045,4
1046,4
1047,4
1048,4
1049,4
1050,4
1051,4
1052,4
1053,4
1054,1
1055,1
1056,4
1057,4
1058,4
1059,4
1060,3
1061,3
1062,4
1063,4
1064,4
1065,4
1066,4
1067,4
1068,4
1069,4
1070,1
1071,1
1072,1
1073,4
1074,4
1075,4
1076,4
1077,4
1078,3
1079,3
1080,3
1081,3
1082,4
1083,4
1084,4
1085,4
1086,4
1087,2
1088,1
1089,4
1090,4
1091,4
1092,4
1093,4
1094,2
1095,2
1096,2
1097,2
1098,2
1099,2
1100,4
1101,4
1102,4
1103,4
1104,4
1105,4
1106,4
1107,4
1108,4
1109,4
1110,4
1111,4
1112,4
1113,4
1114,4
1115,4
1116,4
1117,3
1118,3
1119,4
1120,4
1121,4
1122,4
1123,4
1124,3
1125,4
1126,4
1127,3
1128,3
1129,3
1130,3
1131,3
1132,3
1133,3
1134,3
1135,4
1136,4
1137,4
1138,4
1139,4
1140,4
1141,4
1142,4
1143,4
1144,4
1145,4
1146,3
1147,3
1148,3
1149,3
1150,3
1151,4
1152,4
1153,4
1154,4
1155,2
1156,4
1157,4
1158,4
1159,4
1160,4
1161,4
1162,2
1163,2
1164,2
1165,1
1166,1
1167,1
1168,1
1169,1
1170,1
1171,1
1172,4
1173,4
1174,4
1175,4
1176,4
1177,4
1178,4
1179,4
1180,4
1181,4
1182,4
1183,4
1184,4
1185,4
1186,4
1187,4
1188,4
1189,2
1190,2
1191,4
1192,4
1193,4
1194,2
1195,2
1196,3
1197,3
1198,4
1199,4
1200,4
1201,4
1202,4
1203,4
1204,4
1205,4
1206,4
1207,4
1208,4
1209,4
1210,4
1211,4
1212,4
1213,4
1214,4
1215,4
1216,4
1217,4
1218,4
1219,4
1220,4
1221,4
1222,4
1223,4
1224,4
1225,4
1226,4
1227,4
1228,4
1229,4
1230,4
1231,2
1232,2
1233,2
1234,2
1235,4
1236,4
1237,4
1238,4
1239,4
1240,4
1241,4
1242,4
1243,4
1244,3
1245,3
1246,3
1247,3
1248,4
1249,4
1250,4
1251,4
1252,4
1253,4
1254,4
1255,4
1256,4
1257,4
1258,4
1259,4
1260,4
1261,4
1262,4
1263,4
1264,4
1265,4
1266,4
1267,4
1268,3
1269,4
1270,4
1271,4
1272,1
1273,2
1274,2
1275,4
1276,4
1277,4
1278,3
1279,3
1280,3
1281,3
1282,3
1283,3
1284,4
1285,4
1286,4
1287,4
1288,4
1289,4
1290,4
1291,4
1292,4
1293,4
1294,4
1295,4
1296,4
1297,4
1298,4
1299,4
1300,4
1301,4
1302,4
1303,4
1304,4
1305,4
1306,4
1307,4
1308,4
1309,4
1310,4
1311,4
1312,4
1313,4
1314,4
1315,4
1316,4
1317,4
1318,4
1319,4
1320,4
1321,4
1322,4
1323,4
1324,4
1325,4
1326,4
1327,4
1328,3
1329,3
1330,3
1331,3
1332,2
1333,2
1334,2
1335,2
1336,4
1337,4
1338,2
1339,4
1340,4
1341,4
1342,4
1343,4
1344,4
1345,2
1346,2
1347,2
1348,2
1349,4
1350,3
1351,3
1352,3
1353,3
1354,3
1355,4
1356,4
1357,4
1358,4
1359,4
1360,4
1361,4
1362,4
1363,4
1364,4
1365,4
1366,4
1367,4
1368,4
1369,4
1370,4
1371,4
1372,4
1373,4
1374,4
1375,4
1376,4
1377,4
1378,4
1379,4
1380,4
1381,4
1382,4
1383,4
1384,4
1385,4
1386,4
1387,4
1388,4
1389,4
1390,4
1391,4
1392,4
1393,2
1394,2
1395,2
1396,2
1397,2
1398,2
1399,1
1400,1
1401,1
1402,1
1403,1
1404,1
1405,1
1406,4
1407,3
1408,3
1409,3
1410,3
1411,3
1412,4
1413,4
1414,4
1415,4
1416,4
1417,4
1418,4
1419,4
1420,4
1421,4
1422,4
1423,2
1424,2
1425,2
1426,4
1427,4
1428,4
1429,4
1430,4
1431,4
1432,4
1433,4
1434,1
1435,1
1436,1
1437,4
1438,4
1439,4
1440,4
1441,3
1442,3
1443,4
1444,4
1445,4
1446,4
1447,4
1448,4
1449,4
1450,1
1451,1
1452,1
1453,1
1454,1
1455,3
1456,3
1457,3
1458,3
1459,4
1460,4
1461,4
1462,4
1463,4
1464,4
1465,4
1466,4
1467,1
1468,1
1469,4
1470,4
1471,4
1472,4
1473,4
1474,4
1475,4
1476,4
1477,4
1478,4
1479,4
1480,4
1481,4
1482,1
1483,1
1484,4
1485,4
1486,4
1487,2
1488,2
1489,4
1490,4
1491,4
1492,4
1493,4
1494,4
1495,4
1496,4
1497,4
1498,4
1499,4
1500,4
1501,4
1502,3
1503,3
1504,4
1505,4
1506,4
1507,2
1508,2
1509,2
1510,4
1511,4
1512,4
1513,4
1514,4
1515,4
1516,4
1517,4
1518,4
1519,4
1520,4
1521,4
1522,2
1523,2
1524,2
1525,2
1526,4
1527,4
1528,4
1529,4
1530,4
1531,4
1532,1
1533,1
1534,4
1535,4
1536,4
1537,4
1538,4
1539,4
1540,4
1541,4
1542,4
1543,4
1544,4
1545,4
1546,4
1547,4
1548,4
1549,4
1550,4
1551,4
1552,4
1553,4
1554,4
1555,4
1556,4
1557,4
1558,4
1559,4
1560,4
1561,4
1562,4
1563,4
1564,4
1565,4
1566,4
1567,4
1568,4
1569,4
1570,4
1571,4
1572,4
1573,4
1574,4
1575,4
1576,4
1577,4
1578,4
1579,4
1580,4
1581,4
1582,4
1583,4
1584,4
1585,4
1586,4
1587,4
1588,4
1589,4
1590,4
1591,4
1592,4
1593,4
1594,4
1595,4
1596,4
1597,2
1598,2
1599,2
1600,2
1601,2
1602,4
1603,4
1604,4
1605,4
1606,4
1607,4
1608,4
1609,4
1610,4
1611,3
1612,3
1613,3
1614,3
1615,4
1616,4
1617,4
1618,4
1619,4
1620,4
1621,2
1622,2
1623,2
1624,2
1625,2
1626,4
1627,4
1628,4
1629,4
1630,4
1631,4
1632,4
1633,4
1634,4
1635,4
1636,4
1637,4
1638,4
1639,3
1640,3
1641,3
1642,3
1643,4
1644,3
1645,3
1646,3
1647,3
1648,2
1649,2
1650,2
1651,2
1652,2
1653,4
1654,4
1655,4
1656,4
1657,4
1658,4
1659,4
1660,2
1661,2
1662,2
1663,2
1664,2
1665,2
1666,2
1667,1
1668,1
1669,1
1670,4
1671,4
1672,4
1673,4
1674,4
1675,3
1676,3
1677,3
1678,2
1679,2
1680,2
1681,2
1682,2
1683,3
1684,3
1685,3
1686,3
1687,3
1688,3
1689,4
1690,4
1691,4
1692,4
1693,2
1694,4
1695,4
1696,4
1697,4
1698,4
1699,4
1700,4
1701,4
1702,4
1703,4
1704,4
1705,4
1706,4
1707,4
1708,4
1709,4
1710,4
1711,4
1712,4
1713,4
1714,4
1715,2
1716,4
1717,4
1718,4
1719,1
1720,1
1721,1
1722,1
1723,1
1724,2
1725,2
1726,2
1727,2
1728,4
1729,4
1730,4
1731,4
1732,4
1733,4
1734,1
1735,4
1736,4
1737,4
1738,4
1739,3
1740,3
1741,3
1742,4
1743,4
1744,4
1745,4
1746,4
1747,4
1748,4
1749,4
1750,1
1751,1
1752,1
1753,1
1754,1
1755,4
1756,2
1757,2
1758,2
1759,2
1760,2
1761,2
1762,4
1763,4
1764,4
1765,4
1766,4
1767,2
1768,2
1769,2
1770,2
1771,2
1772,2
1773,2
1774,4
1775,4
1776,4
1777,4
1778,4
1779,4
1780,4
1781,4
1782,4
1783,4
1784,4
1785,4
1786,4
1787,4
1788,4
1789,4
1790,4
1791,4
1792,4
1793,4
1794,4
1795,4
1796,4
1797,4
1798,4
1799,4
1800,4
1801,4
1802,4
1803,4
1804,4
1805,4
1806,4
1807,4
1808,4
1809,4
1810,3
1811,3
1812,3
1813,3
1814,3
1815,4
1816,4
1817,4
1818,4
1819,4
1820,4
1821,4
1822,4
1823,4
1824,4
1825,4
1826,4
1827,4
1828,4
1829,4
1830,4
1831,4
1832,4
1833,4
1834,4
1835,4
1836,4
1837,4
1838,4
1839,4
1840,4
1841,4
1842,4
1843,4
1844,4
1845,4
1846,4
1847,4
1848,4
1849,4
1850,4
1851,4
1852,4
1853,4
1854,4
1855,4
1856,4
1857,4
1858,4
1859,4
1860,4
1861,4
1862,4
1863,4
1864,4
1865,4
1866,4
1867,4
1868,4
1869,4
1870,4
1871,4
1872,4
1873,4
1874,4
1875,4
1876,4
1877,4
1878,4
1879,4
1880,4
1881,4
1882,4
1883,4
1884,4
1885,4
1886,4
1887,4
1888,4
1889,4
1890,4
1891,2
1892,2
1893,2
1894,2
1895,2
1896,2
1897,2
1898,2
1899,2
1900,2
1901,2
1902,2
1903,2
1904,2
1905,2
1906,4
1907,4
1908,4
1909,4
1910,4
1911,4
1912,4
1913,4
1914,4
1915,4
1916,2
1917,2
1918,2
1919,2
1920,4
1921,4
1922,4
1923,4
1924,4
1925,4
1926,4
1927,4
1928,4
1929,2
1930,2
1931,2
1932,3
1933,3
1934,3
1935,3
1936,4
1937,4
1938,4
1939,4
1940,4
1941,4
1942,4
1943,4
1944,4
1945,4
1946,4
1947,4
1948,4
1949,4
1950,4
1951,4
1952,4
1953,4
1954,4
1955,4
1956,4
1957,4
1958,4
1959,4
1960,4
1961,4
1962,4
1963,4
1964,4
1965,4
1966,4
1967,4
1968,4
1969,4
1970,4
1971,4
1972,4
1973,4
1974,4
1975,4
1976,4
1977,4
1978,4
1979,4
1980,4
1981,4
1982,4
1983,4
1984,4
1985,4
1986,4
1987,4
1988,4
1989,4
1990,4
1991,4
1992,4
1993,4
1994,4
1995,4
1996,4
1997,4
1998,3
1999,4
2000,4
2001,4
2002,4
2003,4
2004,2
2005,2
2006,3
2007,3
2008,3
2009,3
2010,2
2011,2
2012,2
2013,2
2014,4
2015,4
2016,4
2017,4
2018,4
2019,2
2020,2
2021,2
2022,2
2023,2
2024,3
2025,3
2026,3
2027,3
2028,3
2029,3
2030,3
2031,4
2032,4
2033,4
2034,3
2035,4
2036,4
2037,4
2038,4
2039,4
2040,4
2041,4
2042,4
2043,4
2044,4
2045,4
2046,4
2047,4
2048,4
2049,4
2050,4
2051,4
2052,4
2053,4
2054,4
2055,4
2056,4
2057,4
2058,4
2059,4
2060,4
2061,4
2062,4
2063,4
2064,4
2065,4
2066,4
2067,4
2068,4
2069,4
2070,4
2071,4
2072,4
2073,4
2074,4
2075,4
2076,4
2077,3
2078,3
2079,3
2080,3
2081,4
2082,4
2083,4
2084,4
2085,4
2086,4
2087,4
2088,4
2089,4
2090,4
2091,4
2092,4
2093,4
2094,4
2095,4
2096,4
2097,4
2098,4
2099,4
2100,4
2101,4
2102,4
2103,4
2104,4
2105,4
2106,4
2107,3
2108,3
2109,4
2110,4
2111,4
2112,4
2113,4
2114,4
2115,4
2116,4
2117,4
2118,4
2119,4
2120,4
2121,4
2122,4
2123,4
2124,4
2125,4
2126,4
2127,4
2128,4
2129,4
2130,4
2131,4
2132,4
2133,4
2134,4
2135,4
2136,4
2137,4
2138,4
2139,4
2140,4
2141,4
2142,4
2143,4
2144,4
2145,4
2146,1
2147,1
2148,1
2149,1
2150,1
2151,1
2152,4
2153,4
2154,4
2155,4
2156,4
2157,4
2158,4
2159,4
2160,4
2161,4
2162,4
2163,4
2164,4
2165,4
2166,4
2167,4
2168,4
2169,4
2170,4
2171,4
2172,4
2173,4
2174,4
2175,4
2176,4
2177,4
2178,4
2179,4
2180,4
2181,4
2182,4
2183,4
2184,4
2185,4
2186,4
2187,4
2188,4
2189,4
2190,4
2191,4
2192,4
2193,4
2194,2
2195,2
2196,2
2197,2
2198,2
2199,4
2200,4
2201,4
2202,4
2203,4
2204,4
2205,4
2206,4
2207,4
2208,4
2209,4
2210,4
2211,4
2212,4
2213,4
2214,4
2215,4
2216,4
2217,4
2218,4
2219,4
2220,4
2221,4
2222,4
2223,4
2224,4
2225,4
2226,2
2227,2
2228,2
2229,2
2230,2
2231,4
2232,4
2233,4
2234,3
2235,3
2236,4
2237,4
2238,4
2239,4
2240,4
2241,4
2242,4
2243,4
2244,4
2245,4
2246,4
2247,4
2248,4
2249,4
2250,4
2251,4
2252,4
2253,4
2254,4
2255,4
2256,4
2257,4
2258,4
2259,4
2260,4
2261,3
2262,3
2263,1
2264,1
2265,1
2266,2
2267,2
2268,2
2269,2
2270,2
2271,4
2272,4
2273,2
2274,2
2275,3
2276,3
2277,3
2278,3
2279,1
2280,1
2281,1
2282,4
2283,4
2284,4
2285,4
2286,4
2287,4
2288,4
2289,4
2290,2
2291,2
2292,4
2293,4
2294,4
2295,4
2296,4
2297,4
2298,4
2299,2
2300,2
2301,2
2302,2
2303,2
2304,4
2305,4
2306,4
2307,4
2308,4
2309,4
2310,4
2311,4
2312,4
2313,4
2314,4
2315,4
2316,4
2317,4
2318,4
2319,4
2320,4
2321,4
2322,4
2323,4
2324,4
2325,4
2326,4
2327,4
2328,4
2329,4
2330,4
2331,4
2332,2
2333,4
2334,4
2335,4
2336,4
2337,4
2338,4
2339,2
2340,4
2341,4
2342,4
2343,4
2344,4
2345,4
2346,3
2347,3
2348,3
2349,3
2350,3
2351,4
2352,4
2353,4
2354,3
2355,4
2356,2
2357,2
2358,2
2359,2
2360,4
2361,4
2362,4
2363,4
2364,4
2365,4
2366,4
2367,4
2368,4
2369,4
2370,4
2371,4
2372,4
2373,4
2374,4
2375,4
2376,4
2377,4
2378,4
2379,4
2380,4
2381,4
2382,4
2383,4
2384,4
2385,4
2386,4
2387,4
2388,4
2389,4
2390,3
2391,3
2392,4
2393,4
2394,4
2395,4
2396,4
2397,4
2398,4
2399,4
2400,4
2401,4
2402,4
2403,4
2404,2
2405,4
2406,4
2407,4
2408,4
2409,4
2410,4
2411,4
2412,4
2413,4
2414,4
2415,4
2416,4
2417,4
2418,4
2419,4
2420,4
2421,4
2422,4
2423,4
2424,4
2425,4
2426,4
2427,4
2428,4
2429,4
2430,4
2431,4
2432,4
2433,4
2434,4
2435,2
2436,4
2437,4
2438,4
2439,4
2440,4
2441,4
2442,4
2443,4
2444,4
2445,4
2446,4
2447,4
2448,4
2449,4
2450,2
2451,2
2452,4
2453,4
2454,4
2455,4
2456,4
2457,4
2458,4
2459,4
2460,4
2461,4
2462,4
2463,4
2464,4
2465,4
2466,4
2467,1
2468,1
2469,1
2470,1
2471,1
2472,1
2473,1
2474,1
2475,1
2476,1
2477,1
2478,1
2479,1
2480,4
2481,4
2482,4
2483,4
2484,4
2485,4
2486,4
2487,4
2488,4
2489,4
2490,4
2491,3
2492,4
2493,4
2494,4
2495,4
2496,4
2497,4
2498,4
2499,4
2500,4
2501,4
2502,4
2503,4
2504,4
2505,3
2506,3
2507,4
2508,4
2509,4
2510,4
2511,4
2512,4
2513,4
2514,4
2515,2
2516,2
2517,2
2518,2
2519,4
2520,4
2521,4
2522,4
2523,4
2524,4
2525,4
2526,4
2527,3
2528,3
2529,3
2530,4
2531,4
2532,4
2533,4
2534,3
2535,3
2536,3
2537,3
2538,4
2539,4
2540,3
2541,3
2542,3
2543,3
2544,3
2545,3
2546,2
2547,2
2548,2
2549,2
2550,2
2551,4
2552,4
2553,4
2554,4
2555,4
2556,4
2557,4
2558,4
2559,4
2560,4
2561,4
2562,4
2563,4
2564,4
2565,4
2566,4
2567,4
2568,4
2569,4
2570,4
2571,4
2572,4
2573,4
2574,4
2575,2
2576,2
2577,2
2578,2
2579,2
2580,2
2581,2
2582,2
2583,2
2584,4
2585,4
2586,4
2587,4
2588,4
2589,4
2590,4
2591,4
2592,4
2593,4
2594,4
2595,4
2596,4
2597,4
2598,4
2599,4
2600,4
2601,4
2602,4
2603,4
2604,3
2605,3
2606,3
2607,3
2608,1
2609,1
2610,3
2611,3
2612,3
2613,3
2614,3
2615,3
2616,3
2617,3
2618,3
2619,3
2620,3
2621,4
2622,4
2623,4
2624,4
2625,4
2626,4
2627,4
2628,4
2629,4
2630,4
2631,4
2632,4
2633,4
2634,4
2635,4
2636,4
2637,4
2638,4
2639,4
2640,4
2641,4
2642,4
2643,4
2644,4
2645,4
2646,4
2647,4
2648,4
2649,4
2650,4
2651,4
2652,2
2653,2
2654,2
2655,2
2656,4
2657,4
2658,4
2659,4
2660,4
2661,4
2662,4
2663,4
2664,4
2665,4
2666,4
2667,4
2668,4
2669,4
2670,4
2671,2
2672,2
2673,2
2674,2
2675,4
2676,4
2677,2
2678,2
2679,2
2680,4
2681,4
2682,4
2683,4
2684,4
2685,4
2686,4
2687,3
2688,4
2689,4
2690,4
2691,4
2692,4
2693,4
2694,4
2695,4
2696,4
2697,4
2698,4
2699,4
2700,4
2701,4
2702,4
2703,4
2704,4
2705,4
2706,4
2707,4
2708,4
2709,4
2710,4
2711,4
2712,4
2713,4
2714,4
2715,4
2716,4
2717,4
2718,4
2719,4
2720,4
2721,4
2722,4
2723,4
2724,4
2725,4
2726,4
2727,4
2728,4
2729,4
2730,3
2731,3
2732,4
2733,4
2734,4
2735,4
2736,4
2737,4
2738,4
2739,3
2740,3
2741,3
2742,3
2743,4
2744,4
2745,4
2746,1
2747,1
2748,1
2749,1
2750,1
2751,3
2752,3
2753,3
2754,3
2755,2
2756,4
2757,4
2758,4
2759,4
2760,4
2761,4
2762,4
2763,4
2764,4
2765,4
2766,4
2767,3
2768,3
2769,3
2770,3
2771,4
2772,4
2773,4
2774,4
2775,4
2776,4
2777,4
2778,4
2779,4
2780,3
2781,3
2782,3
2783,3
2784,2
2785,2
2786,2
2787,2
2788,1
2789,1
2790,1
2791,1
2792,1
2793,3
2794,3
2795,3
2796,3
2797,4
2798,4
2799,4
2800,4
2801,3
2802,3
2803,3
2804,4
2805,4
2806,4
2807,4
2808,4
2809,4
2810,4
2811,4
2812,4
2813,4
2814,4
2815,4
2816,4
2817,4
2818,4
2819,4
2820,4
2821,4
2822,4
2823,4
2824,4
2825,4
2826,4
2827,4
2828,4
2829,4
2830,4
2831,4
2832,2
2833,2
2834,2
2835,2
2836,2
2837,4
2838,4
2839,2
2840,4
2841,4
2842,4
2843,4
2844,4
2845,4
2846,2
2847,4
2848,4
2849,3
2850,3
2851,3
2852,3
2853,2
2854,2
2855,3
2856,3
2857,3
2858,3
2859,3
2860,4
2861,4
2862,4
2863,4
2864,4
2865,4
2866,4
2867,4
2868,4
2869,4
2870,4
2871,1
2872,1
2873,1
2874,1
2875,4
2876,4
2877,4
2878,4
2879,3
2880,3
2881,3
2882,3
2883,3
2884,3
2885,2
2886,2
2887,2
2888,2
2889,2
2890,2
2891,3
2892,3
2893,4
2894,4
2895,4
2896,4
2897,4
2898,3
2899,4
2900,4
2901,4
2902,4
2903,4
2904,4
2905,4
2906,4
2907,4
2908,4
2909,4
2910,4
2911,2
2912,2
2913,2
2914,2
2915,2
2916,4
2917,4
2918,4
2919,4
2920,4
2921,2
2922,2
2923,2
2924,2
2925,4
2926,4
2927,4
2928,4
2929,4
2930,4
2931,4
2932,1
2933,1
2934,1
2935,3
2936,4
2937,4
2938,3
2939,3
2940,3
2941,2
2942,2
2943,2
2944,2
2945,4
2946,4
2947,4
2948,4
2949,4
2950,4
2951,4
2952,4
2953,4
2954,4
2955,4
2956,4
2957,4
2958,4
2959,4
2960,4
2961,4
2962,4
2963,2
2964,2
2965,2
2966,2
2967,4
2968,4
2969,4
2970,1
2971,1
2972,4
2973,4
2974,4
2975,4
2976,4
2977,4
2978,4
2979,4
2980,4
2981,4
2982,4
2983,4
2984,4
2985,4
2986,4
2987,4
2988,4
2989,4
2990,4
2991,4
2992,4
2993,4
2994,2
2995,2
2996,2
2997,4
2998,4
2999,4
3000,4
3001,2
3002,2
3003,4
3004,1
3005,1
3006,1
3007,1
3008,1
3009,1
3010,4
3011,4
3012,4
3013,4
3014,4
3015,4
3016,4
3017,4
3018,2
3019,2
3020,2
3021,3
3022,4
3023,4
3024,4
3025,4
3026,4
3027,4
3028,4
3029,4
3030,4
3031,4
3032,4
3033,4
3034,4
3035,4
3036,4
3037,4
3038,4
3039,4
3040,2
3041,2
3042,2
3043,2
3044,2
3045,4
3046,4
3047,4
3048,4
3049,4
3050,4
3051,4
3052,4
3053,4
3054,4
3055,4
3056,4
3057,4
3058,4
3059,4
3060,4
3061,4
3062,4
3063,4
3064,4
3065,4
3066,2
3067,2
3068,2
3069,2
3070,2
3071,4
3072,4
3073,4
3074,4
3075,4
3076,2
3077,2
3078,4
3079,2
3080,2
3081,4
3082,4
3083,4
3084,4
3085,4
3086,4
3087,4
3088,4
3089,4
3090,4
3091,4
3092,1
3093,1
3094,4
3095,4
3096,4
3097,4
3098,4
3099,4
3100,1
3101,1
3102,1
3103,1
3104,1
3105,4
3106,4
3107,4
3108,4
3109,3
3110,3
3111,3
3112,3
3113,3
3114,2
3115,2
3116,2
3117,2
3118,2
3119,2
3120,2
3121,2
3122,4
3123,4
3124,4
3125,4
3126,4
3127,4
3128,4
3129,4
3130,4
3131,3
3132,3
3133,3
3134,4
3135,4
3136,4
3137,4
3138,4
3139,4
3140,4
3141,4
3142,4
3143,4
3144,4
3145,4
3146,4
3147,4
3148,4
3149,4
3150,4
3151,4
3152,4
3153,4
3154,4
3155,4
3156,4
3157,4
3158,4
3159,4
3160,3
3161,3
3162,3
3163,2
3164,2
3165,4
3166,4
3167,4
3168,4
3169,4
3170,4
3171,4
3172,4
3173,4
3174,4
3175,4
3176,4
3177,4
3178,4
3179,4
3180,2
3181,2
3182,2
3183,2
3184,2
3185,2
3186,2
3187,4
3188,4
3189,4
3190,4
3191,4
3192,4
3193,4
3194,4
3195,4
3196,4
3197,4
3198,4
3199,4
3200,4
3201,4
3202,4
3203,4
3204,4
3205,2
3206,2
3207,3
3208,3
3209,3
3210,3
3211,2
3212,2
3213,2
3214,2
3215,2
3216,2
3217,2
3218,2
3219,2
3220,2
3221,2
3222,2
3223,2
3224,2
3225,2
3226,3
3227,3
3228,3
3229,3
3230,3
3231,3
3232,3
3233,3
3234,3
3235,3
3236,3
3237,3
3238,3
3239,4
3240,4
3241,4
3242,4
3243,4
3244,4
3245,4
3246,4
3247,4
3248,2
3249,2
3250,2
3251,2
3252,4
3253,4
3254,4
3255,4
3256,4
3257,4
3258,4
3259,4
3260,4
3261,4
3262,2
3263,2
3264,2
3265,2
3266,2
3267,2
3268,2
3269,4
3270,4
3271,4
3272,4
3273,4
3274,4
3275,4
3276,4
3277,4
3278,4
3279,4
3280,4
3281,4
3282,2
3283,2
3284,2
3285,2
3286,2
3287,2
3288,4
3289,4
3290,4
3291,4
3292,4
3293,2
3294,2
3295,2
3296,4
3297,4
3298,4
3299,4
3300,4
3301,4
3302,4
3303,4
3304,2
3305,2
3306,2
3307,2
3308,2
3309,2
3310,2
3311,4
3312,4
3313,4
3314,4
3315,4
3316,4
3317,2
3318,2
3319,4
3320,3
3321,3
3322,3
3323,4
3324,4
3325,4
3326,4
3327,4
3328,4
3329,4
3330,4
3331,4
3332,4
3333,4
3334,4
3335,4
3336,4
3337,4
3338,4
3339,4
3340,4
3341,4
3342,4
3343,4
3344,4
3345,4
3346,4
3347,4
3348,4
3349,4
3350,4
3351,4
3352,4
3353,4
3354,4
3355,4
3356,4
3357,4
3358,4
3359,4
3360,3
3361,4
3362,4
3363,4
3364,4
3365,4
3366,2
3367,3
3368,3
3369,3
3370,3
3371,4
3372,4
3373,4
3374,4
3375,4
3376,4
3377,3
3378,3
3379,3
3380,3
3381,3
3382,4
3383,4
3384,4
3385,4
3386,4
3387,2
3388,2
3389,2
3390,2
3391,1
3392,1
3393,1
3394,1
3395,1
3396,4
3397,4
3398,4
3399,4
3400,4
3401,3
3402,3
3403,4
3404,3
3405,3
3406,3
3407,4
3408,1
3409,1
3410,1
3411,1
3412,4
3413,4
3414,4
3415,4
3416,4
3417,4
3418,4
3419,4
3420,4
3421,4
3422,4
3423,4
3424,4
3425,4
3426,4
3427,4
3428,4
3429,4
3430,4
3431,4
3432,4
3433,4
3434,4
3435,4
3436,4
3437,4
3438,3
3439,3
3440,3
3441,3
3442,3
3443,3
3444,1
3445,1
3446,1
3447,1
3448,1
3449,1
3450,3
3451,3
3452,3
3453,3
3454,3
3455,4
3456,4
3457,4
3458,4
3459,2
3460,2
3461,2
3462,2
3463,2
3464,4
3465,4
3466,4
3467,4
3468,4
3469,4
3470,4
3471,4
3472,4
3473,4
3474,4
3475,4
3476,4
3477,3
3478,3
3479,3
3480,1
3481,1
3482,1
3483,1
3484,1
3485,1
3486,1
3487,1
3488,1
3489,1
3490,4
3491,4
3492,4
3493,4
3494,4
3495,1
3496,1
3497,1
3498,1
3499,4
3500,4
3501,4
3502,4
3503,4
3504,4
3505,4
3506,4
3507,4
3508,4
3509,4
3510,4
3511,4
3512,3
3513,3
3514,3
3515,3
3516,4
3517,4
3518,4
3519,4
3520,4
3521,4
3522,4
3523,4
3524,4
3525,4
3526,4
3527,4
3528,4
3529,4
3530,4
3531,4
3532,4
3533,4
3534,4
3535,4
3536,4
3537,4
3538,4
3539,4
3540,4
3541,4
3542,4
3543,2
3544,2
3545,2
3546,4
3547,4
3548,4
3549,4
3550,4
3551,4
3552,4
3553,4
3554,4
3555,4
3556,1
3557,1
3558,4
3559,3
3560,3
3561,3
3562,3
3563,3
3564,3
3565,4
3566,4
3567,4
3568,4
3569,2
3570,2
3571,2
3572,2
3573,2
3574,2
3575,2
3576,2
3577,4
3578,4
3579,4
3580,4
3581,4
3582,4
3583,4
3584,4
3585,1
3586,1
3587,1
3588,4
3589,4
3590,4
3591,4
3592,4
3593,3
3594,3
3595,3
3596,3
3597,4
3598,4
3599,4
3600,4
3601,4
3602,4
3603,4
3604,4
3605,4
3606,4
3607,4
3608,4
3609,3
3610,3
3611,3
3612,3
3613,3
3614,4
3615,4
3616,3
3617,3
3618,3
3619,1
3620,1
3621,1
3622,1
3623,4
3624,4
3625,4
3626,4
3627,4
3628,4
3629,4
3630,4
3631,4
3632,4
3633,4
3634,4
3635,4
3636,2
3637,2
3638,2
3639,4
3640,4
3641,4
3642,4
3643,4
3644,4
3645,4
3646,4
3647,4
3648,4
3649,4
3650,4
3651,4
3652,4
3653,4
3654,4
3655,4
3656,4
3657,4
3658,4
3659,4
3660,4
3661,4
3662,4
3663,4
3664,4
3665,4
3666,4
3667,4
3668,4
3669,4
3670,4
3671,4
3672,4
3673,4
3674,4
3675,4
3676,4
3677,4
3678,4
3679,2
3680,2
3681,2
3682,2
3683,2
3684,4
3685,4
3686,4
3687,4
3688,4
3689,4
3690,4
3691,4
3692,4
3693,4
3694,2
3695,2
3696,4
3697,4
3698,4
3699,4
3700,4
3701,4
3702,3
3703,3
3704,3
3705,3
3706,3
3707,4
3708,4
3709,4
3710,4
3711,4
3712,4
3713,1
3714,1
3715,1
3716,1
3717,3
3718,3
3719,4
3720,4
3721,4
3722,4
3723,4
3724,4
3725,4
3726,4
3727,4
3728,4
3729,2
3730,2
3731,4
3732,4
3733,4
3734,3
3735,3
3736,3
3737,2
3738,2
3739,2
3740,2
3741,2
3742,2
3743,2
3744,2
3745,2
3746,4
3747,4
3748,4
3749,4
3750,4
3751,4
3752,4
3753,4
3754,4
3755,4
3756,4
3757,3
3758,3
3759,4
3760,4
3761,4
3762,1
3763,1
3764,1
3765,1
3766,4
3767,4
3768,4
3769,4
3770,4
3771,4
3772,4
3773,3
3774,3
3775,4
3776,4
3777,4
3778,4
3779,3
3780,3
3781,3
3782,3
3783,4
3784,1
3785,1
3786,1
3787,1
3788,1
3789,1
3790,4
3791,4
3792,4
3793,4
3794,4
3795,4
3796,4
3797,4
3798,4
3799,4
3800,4
3801,4
3802,4
3803,4
3804,2
3805,2
3806,2
3807,4
3808,4
3809,4
3810,4
3811,4
3812,4
3813,4
3814,4
3815,4
3816,4
3817,4
3818,4
3819,4
3820,4
3821,2
3822,2
3823,2
3824,2
3825,2
3826,2
3827,4
3828,4
3829,4
3830,4
3831,4
3832,4
3833,4
3834,4
3835,4
3836,4
3837,4
3838,2
3839,2
3840,2
3841,2
3842,2
3843,4
3844,4
3845,4
3846,4
3847,3
3848,3
3849,3
3850,4
3851,4
3852,4
3853,4
3854,4
3855,3
3856,3
3857,3
3858,3
3859,3
3860,3
3861,4
3862,4
3863,4
3864,4
3865,4
3866,4
3867,4
3868,4
3869,4
3870,4
3871,4
3872,3
3873,3
3874,1
3875,1
3876,1
3877,1
3878,2
3879,2
3880,1
3881,1
3882,1
3883,4
3884,4
3885,2
3886,2
3887,2
3888,2
3889,2
3890,2
3891,2
3892,4
3893,4
3894,4
3895,4
3896,4
3897,4
3898,4
3899,4
3900,4
3901,4
3902,4
3903,4
3904,4
3905,4
3906,4
3907,4
3908,4
3909,4
3910,4
3911,4
3912,4
3913,4
3914,4
3915,2
3916,2
3917,2
3918,2
3919,2
3920,4
3921,4
3922,4
3923,4
3924,4
3925,4
3926,4
3927,1
3928,1
3929,1
3930,2
3931,2
3932,2
3933,2
3934,2
3935,2
3936,4
3937,4
3938,4
3939,4
3940,4
3941,4
3942,4
3943,4
3944,4
3945,4
3946,4
3947,4
3948,4
3949,2
3950,2
3951,2
3952,2
3953,3
3954,3
3955,1
3956,1
3957,1
3958,1
3959,1
3960,2
3961,2
3962,2
3963,2
3964,2
3965,3
3966,3
3967,3
3968,3
3969,3
3970,4
3971,4
3972,4
3973,4
3974,4
3975,2
3976,2
3977,2
3978,2
3979,2
3980,2
3981,4
3982,4
3983,4
3984,4
3985,1
3986,1
3987,1
3988,1
3989,1
3990,1
3991,4
3992,4
3993,4
3994,4
3995,4
3996,2
3997,2
3998,2
3999,2
4000,2
4001,2
4002,2
4003,2
4004,2
4005,3
4006,3
4007,3
4008,1
4009,1
4010,2
4011,2
4012,2
4013,3
4014,3
4015,3
4016,3
4017,4
4018,4
4019,2
4020,2
4021,2
4022,2
4023,2
4024,3
4025,3
4026,2
4027,2
4028,2
4029,2
4030,2
4031,2
4032,4
4033,4
4034,4
4035,4
4036,4
4037,4
4038,4
4039,4
4040,4
4041,4
4042,4
4043,4
4044,4
4045,4
4046,4
4047,2
4048,2
4049,2
4050,4
4051,4
4052,4
4053,4
4054,4
4055,4
4056,2
4057,2
4058,2
4059,2
4060,2
4061,2
4062,2
4063,4
4064,3
4065,3
4066,1
4067,1
4068,1
4069,2
4070,2
4071,2
4072,2
4073,2
4074,2
4075,2
4076,2
4077,2
4078,2
4079,3
4080,3
4081,3
4082,4
4083,4
4084,4
4085,4
4086,4
4087,3
4088,3
4089,3
4090,3
4091,4
4092,4
4093,4
4094,4
4095,4
4096,4
4097,4
4098,4
4099,4
4100,2
4101,2
4102,2
4103,2
4104,2
4105,4
4106,4
4107,4
4108,4
4109,4
4110,4
4111,4
4112,4
4113,4
4114,4
4115,4
4116,4
4117,4
4118,4
4119,4
4120,3
4121,3
4122,3
4123,3
4124,2
4125,2
4126,2
4127,2
4128,4
4129,4
4130,4
4131,4
4132,4
4133,4
4134,4
4135,2
4136,2
4137,2
4138,2
4139,2
4140,4
4141,4
4142,4
4143,4
4144,4
4145,4
4146,4
4147,4
4148,4
4149,4
4150,4
4151,4
4152,4
4153,4
4154,4
4155,4
4156,4
4157,4
4158,4
4159,4
4160,4
4161,4
4162,3
4163,3
4164,3
4165,4
4166,4
4167,4
4168,4
4169,4
4170,4
4171,4
4172,4
4173,4
4174,4
4175,4
4176,4
4177,4
4178,4
4179,4
4180,4
4181,4
4182,4
4183,4
4184,4
4185,4
4186,4
4187,4
4188,4
4189,4
4190,4
4191,4
4192,4
4193,1
4194,1
4195,1
4196,1
4197,1
4198,4
4199,4
4200,4
4201,4
4202,4
4203,4
4204,4
4205,4
4206,4
4207,4
4208,4
4209,4
4210,4
4211,4
4212,4
4213,4
4214,4
4215,4
4216,4
4217,4
4218,4
4219,2
4220,2
4221,2
4222,1
4223,1
4224,1
4225,1
4226,4
4227,4
4228,4
4229,4
4230,4
4231,4
4232,4
4233,4
4234,4
4235,4
4236,3
4237,3
4238,3
4239,3
4240,3
4241,1
4242,1
4243,1
4244,4
4245,4
4246,4
4247,4
4248,4
4249,4
4250,2
4251,2
4252,2
4253,2
4254,2
4255,4
4256,4
4257,4
4258,4
4259,3
4260,3
4261,4
4262,4
4263,4
4264,4
4265,4
4266,4
4267,4
4268,4
4269,4
4270,4
4271,4
4272,4
4273,4
4274,4
4275,4
4276,4
4277,4
4278,4
4279,4
4280,4
4281,4
4282,4
4283,4
4284,4
4285,4
4286,4
4287,4
4288,4
4289,4
4290,4
4291,4
4292,4
4293,4
4294,4
4295,4
4296,4
4297,4
4298,4
4299,4
4300,4
4301,4
4302,4
4303,4
4304,4
4305,4
4306,4
4307,4
4308,4
4309,4
4310,4
4311,4
4312,4
4313,4
4314,4
4315,4
4316,4
4317,4
4318,4
4319,4
4320,4
4321,2
4322,2
4323,2
4324,2
4325,4
4326,4
4327,4
4328,4
4329,4
4330,4
4331,4
4332,4
4333,4
4334,4
4335,4
4336,4
4337,4
4338,4
4339,4
4340,4
4341,4
4342,4
4343,4
4344,4
4345,4
4346,4
4347,4
4348,4
4349,4
4350,4
4351,4
4352,4
4353,4
4354,4
4355,4
4356,4
4357,4
4358,4
4359,4
4360,4
4361,4
4362,4
4363,4
4364,4
4365,4
4366,2
4367,2
4368,2
4369,2
4370,2
4371,2
4372,2
4373,4
4374,4
4375,4
4376,4
4377,4
4378,4
4379,4
4380,4
4381,4
4382,4
4383,4
4384,4
4385,4
4386,4
4387,4
4388,1
4389,1
4390,1
4391,1
4392,1
4393,1
4394,4
4395,4
4396,4
4397,4
4398,4
4399,4
4400,4
4401,4
4402,4
4403,4
4404,4
4405,4
4406,4
4407,4
4408,4
4409,4
4410,4
4411,4
4412,4
4413,4
4414,4
4415,4
4416,4
4417,4
4418,4
4419,4
4420,4
4421,4
4422,4
4423,4
4424,4
4425,4
4426,4
4427,4
4428,4
4429,4
4430,4
4431,4
4432,4
4433,4
4434,4
4435,4
4436,4
4437,4
4438,4
4439,4
4440,4
4441,4
4442,4
4443,4
4444,4
4445,4
4446,4
4447,4
4448,4
4449,4
4450,4
4451,4
4452,3
4453,3
4454,3
4455,3
4456,3
4457,3
4458,4
4459,4
4460,4
4461,4
4462,3
4463,3
4464,3
4465,3
4466,3
4467,3
4468,4
4469,4
4470,4
4471,4
4472,4
4473,4
4474,4
4475,4
4476,4
4477,4
4478,4
4479,4
4480,4
4481,4
4482,4
4483,4
4484,4
4485,4
4486,4
4487,3
4488,4
4489,4
4490,1
4491,1
4492,1
4493,1
4494,1
4495,3
4496,3
4497,3
4498,3
4499,3
4500,3
4501,4
4502,4
4503,4
4504,4
4505,4
4506,4
4507,3
4508,3
4509,3
4510,3
4511,4
4512,4
4513,4
4514,4
4515,4
4516,3
4517,3
4518,3
4519,3
4520,3
4521,4
4522,3
4523,4
4524,4
4525,4
4526,4
4527,4
4528,4
4529,4
4530,4
4531,4
4532,4
4533,4
4534,4
4535,3
4536,3
4537,3
4538,3
4539,3
4540,3
4541,4
4542,4
4543,4
4544,4
4545,4
4546,4
4547,4
4548,1
4549,1
4550,4
4551,4
4552,4
4553,4
4554,4
4555,4
4556,4
4557,4
4558,4
4559,1
4560,1
4561,4
4562,4
4563,4
4564,4
4565,2
4566,2
4567,2
4568,2
4569,2
4570,2
4571,2
4572,2
4573,2
4574,4
4575,4
4576,4
4577,4
4578,4
4579,4
4580,4
4581,4
4582,4
4583,4
4584,4
4585,4
4586,4
4587,4
4588,4
4589,4
4590,4
4591,2
4592,2
4593,2
4594,2
4595,2
4596,2
4597,2
4598,2
4599,2
4600,2
4601,2
4602,4
4603,4
4604,4
4605,4
4606,4
4607,3
4608,3
4609,3
4610,3
4611,3
4612,4
4613,4
4614,4
4615,4
4616,4
4617,2
4618,2
4619,4
4620,4
4621,4
4622,4
4623,3
4624,3
4625,4
4626,4
4627,4
4628,4
4629,4
4630,4
4631,4
4632,4
4633,4
4634,4
4635,4
4636,4
4637,4
4638,4
4639,4
4640,3
4641,3
4642,3
4643,3
4644,3
4645,4
4646,4
4647,4
4648,4
4649,4
4650,4
4651,4
4652,4
4653,4
4654,4
4655,4
4656,4
4657,4
4658,4
4659,4
4660,4
4661,4
4662,4
4663,4
4664,4
4665,3
4666,3
4667,4
4668,4
4669,4
4670,4
4671,4
4672,4
4673,4
4674,4
4675,4
4676,4
4677,4
4678,3
4679,4
4680,4
4681,4
4682,2
4683,2
4684,2
4685,2
4686,4
4687,4
4688,4
4689,4
4690,4
4691,4
4692,4
4693,4
4694,4
4695,2
4696,2
4697,2
4698,2
4699,2
4700,1
4701,1
4702,1
4703,1
4704,4
4705,4
4706,4
4707,4
4708,4
4709,4
4710,1
4711,1
4712,4
4713,4
4714,4
4715,4
4716,4
4717,4
4718,4
4719,4
4720,4
4721,4
4722,4
4723,4
4724,4
4725,4
4726,4
4727,4
4728,2
4729,2
4730,2
4731,2
4732,4
4733,4
4734,4
4735,4
4736,4
4737,4
4738,4
4739,4
4740,4
4741,4
4742,4
4743,4
4744,4
4745,4
4746,4
4747,4
4748,4
4749,4
4750,4
4751,4
4752,4
4753,4
4754,4
4755,4
4756,4
4757,4
4758,4
4759,4
4760,4
4761,4
4762,4
4763,4
4764,4
4765,4
4766,4
4767,4
4768,4
4769,4
4770,4
4771,4
4772,4
4773,4
4774,4
4775,4
4776,4
4777,4
4778,4
4779,4
4780,4
4781,4
4782,4
4783,4
4784,4
4785,4
4786,4
4787,4
4788,4
4789,4
4790,4
4791,3
4792,4
4793,4
4794,4
4795,4
4796,4
4797,4
4798,4
4799,4
4800,4
4801,4
4802,4
4803,4
4804,4
4805,4
4806,2
4807,2
4808,2
4809,4
4810,4
4811,4
4812,3
4813,3
4814,4
4815,4
4816,4
4817,4
4818,4
4819,4
4820,4
4821,2
4822,2
4823,4
4824,4
4825,1
4826,1
4827,1
4828,3
4829,3
4830,4
4831,4
4832,4
4833,4
4834,4
4835,4
4836,4
4837,4
4838,4
4839,4
4840,4
4841,4
4842,4
4843,4
4844,4
4845,4
4846,3
4847,3
4848,1
4849,1
4850,1
4851,2
4852,2
4853,2
4854,1
4855,1
4856,1
4857,1
4858,1
4859,1
4860,1
4861,1
4862,1
4863,4
4864,4
4865,4
4866,4
4867,4
4868,4
4869,4
4870,4
4871,4
4872,4
4873,4
4874,4
4875,4
4876,4
4877,4
4878,4
4879,4
4880,4
4881,4
4882,4
4883,4
4884,4
4885,4
4886,4
4887,4
4888,4
4889,4
4890,4
4891,4
4892,4
4893,4
4894,4
4895,4
4896,4
4897,4
4898,2
4899,2
4900,2
4901,2
4902,2
4903,3
4904,3
4905,3
4906,4
4907,4
4908,4
4909,4
4910,4
4911,4
4912,4
4913,2
4914,2
4915,2
4916,2
4917,2
4918,2
4919,4
4920,4
4921,2
4922,2
4923,2
4924,3
4925,3
4926,3
4927,3
4928,3
4929,3
4930,3
4931,3
4932,4
4933,2
4934,2
4935,3
4936,4
4937,4
4938,4
4939,4
4940,4
4941,4
4942,4
4943,4
4944,4
4945,4
4946,4
4947,4
4948,4
4949,4
4950,3
4951,4
4952,4
4953,4
4954,4
4955,4
4956,4
4957,4
4958,4
4959,4
4960,4
4961,4
4962,4
4963,4
4964,4
4965,4
4966,4
4967,4
4968,4
4969,4
4970,4
4971,4
4972,4
4973,4
4974,4
4975,3
4976,4
4977,4
4978,4
4979,4
4980,4
4981,4
4982,4
4983,4
4984,4
4985,4
4986,4
4987,4
4988,4
4989,4
4990,4
4991,4
4992,4
4993,4
4994,4
4995,3
4996,3
4997,3
4998,4
4999,4
5000,4
5001,4
5002,4
5003,2
5004,2
5005,2
5006,4
5007,3
5008,3
5009,4
5010,4
5011,4
5012,3
5013,3
5014,3
5015,4
5016,4
5017,4
5018,4
5019,4
5020,4
5021,4
5022,4
5023,3
5024,2
5025,2
5026,2
5027,2
5028,4
5029,4
5030,4
5031,4
5032,4
5033,4
5034,4
5035,4
5036,4
5037,4
5038,4
5039,4
5040,4
5041,4
5042,4
5043,4
5044,4
5045,2
5046,2
5047,2
5048,4
5049,4
5050,4
5051,4
5052,4
5053,4
5054,2
5055,2
5056,2
5057,3
5058,3
5059,3
5060,3
5061,3
5062,4
5063,4
5064,4
5065,3
5066,2
5067,2
5068,2
5069,2
5070,2
5071,3
5072,3
5073,3
5074,3
5075,3
5076,4
5077,4
5078,4
5079,4
5080,4
5081,4
5082,4
5083,4
5084,4
5085,4
5086,4
5087,4
5088,4
5089,4
5090,4
5091,4
5092,4
5093,4
5094,4
5095,4
5096,4
5097,4
5098,4
5099,4
5100,4
5101,4
5102,4
5103,4
5104,4
5105,4
5106,4
5107,1
5108,1
5109,1
5110,4
5111,4
5112,4
5113,4
5114,4
5115,4
5116,4
5117,4
5118,4
5119,4
5120,4
5121,2
5122,4
5123,4
5124,4
5125,4
5126,4
5127,4
5128,4
5129,4
5130,4
5131,4
5132,4
5133,4
5134,4
5135,4
5136,3
5137,3
5138,3
5139,3
5140,3
5141,3
5142,3
5143,3
5144,3
5145,3
5146,3
5147,4
5148,2
5149,2
5150,2
5151,2
5152,2
5153,2
5154,4
5155,4
5156,3
5157,4
5158,4
5159,3
5160,3
5161,3
5162,3
5163,3
5164,3
5165,3
5166,2
5167,2
5168,2
5169,2
5170,1
5171,1
5172,1
5173,1
5174,4
5175,4
5176,4
5177,4
5178,4
5179,4
5180,4
5181,4
5182,4
5183,4
5184,4
5185,4
5186,4
5187,4
5188,4
5189,4
5190,4
5191,4
5192,4
5193,4
5194,4
5195,4
5196,4
5197,2
5198,2
5199,2
5200,2
5201,2
5202,2
5203,2
5204,2
5205,2
5206,4
5207,4
5208,4
5209,4
5210,4
5211,4
5212,4
5213,4
5214,4
5215,4
5216,4
5217,4
5218,3
5219,2
5220,2
5221,2
5222,2
5223,4
5224,4
5225,4
5226,4
5227,1
5228,1
5229,1
5230,4
5231,4
5232,4
5233,4
5234,4
5235,4
5236,4
5237,4
5238,4
5239,4
5240,4
5241,4
5242,4
5243,4
5244,4
5245,4
5246,4
5247,1
5248,1
5249,1
5250,3
5251,3
5252,3
5253,3
5254,2
5255,2
5256,4
5257,4
5258,4
5259,4
5260,4
5261,4
5262,2
5263,2
5264,4
5265,4
5266,4
5267,4
5268,4
5269,4
5270,4
5271,4
5272,4
5273,4
5274,4
5275,4
5276,4
5277,4
5278,4
5279,4
5280,4
5281,4
5282,4
5283,2
5284,2
5285,4
5286,4
5287,4
5288,4
5289,4
5290,4
5291,4
5292,4
5293,3
5294,3
5295,3
5296,1
5297,1
5298,1
5299,4
5300,4
5301,4
5302,4
5303,3
5304,3
5305,3
5306,3
5307,4
5308,4
5309,4
5310,4
5311,4
5312,4
5313,4
5314,4
5315,4
5316,4
5317,4
5318,4
5319,4
5320,4
5321,4
5322,2
5323,4
5324,4
5325,4
5326,4
5327,3
5328,3
5329,3
5330,4
5331,4
5332,4
5333,4
5334,4
5335,4
5336,4
5337,4
5338,4
5339,4
5340,4
5341,4
5342,4
5343,4
5344,4
5345,4
5346,4
5347,4
5348,4
5349,3
5350,3
5351,3
5352,3
5353,3
5354,4
5355,4
5356,3
5357,3
5358,3
5359,3
5360,3
5361,3
5362,3
5363,3
5364,3
5365,3
5366,3
5367,1
5368,1
5369,1
5370,3
5371,3
5372,3
5373,3
5374,3
5375,4
5376,4
5377,4
5378,4
5379,4
5380,4
5381,4
5382,4
5383,4
5384,4
5385,4
5386,4
5387,4
5388,2
5389,2
5390,2
5391,3
5392,1
5393,1
5394,1
5395,1
5396,3
5397,2
5398,2
5399,2
5400,2
5401,2
5402,4
5403,4
5404,4
5405,3
5406,3
5407,3
5408,1
5409,4
5410,4
5411,4
5412,4
5413,3
5414,3
5415,3
5416,4
5417,4
5418,4
5419,4
5420,4
5421,4
5422,4
5423,4
5424,4
5425,4
5426,4
5427,4
5428,4
5429,4
5430,4
5431,4
5432,4
5433,4
5434,4
5435,4
5436,1
5437,1
5438,1
5439,1
5440,1
5441,1
5442,1
5443,1
5444,1
5445,1
5446,2
5447,2
5448,2
5449,4
5450,4
5451,4
5452,4
5453,4
5454,4
5455,4
5456,4
5457,4
5458,2
5459,2
5460,2
5461,2
5462,4
5463,3
5464,3
5465,3
5466,4
5467,4
5468,4
5469,4
5470,3
5471,3
5472,3
5473,3
5474,3
5475,4
5476,4
5477,3
5478,4
5479,4
5480,2
5481,3
5482,3
5483,3
5484,3
5485,4
5486,4
5487,4
5488,4
5489,4
5490,4
5491,4
5492,4
5493,4
5494,4
5495,4
5496,4
5497,4
5498,4
5499,4
5500,1
5501,1
5502,1
5503,3
5504,3
5505,3
5506,3
5507,3
5508,3
5509,1
5510,1
5511,1
5512,4
5513,4
5514,4
5515,2
5516,2
5517,2
5518,2
5519,2
5520,4
5521,4
5522,4
5523,2
5524,2
5525,2
5526,2
5527,1
5528,1
5529,1
5530,1
5531,1
5532,1
5533,1
5534,4
5535,4
5536,4
5537,1
5538,1
5539,1
5540,1
5541,3
5542,3
5543,3
5544,3
5545,3
5546,4
5547,1
5548,1
5549,1
5550,1
5551,1
5552,1
5553,4
5554,4
5555,3
5556,3
5557,3
5558,3
5559,4
5560,4
5561,4
5562,4
5563,4
5564,4
5565,4
5566,4
5567,4
5568,2
5569,2
5570,4
5571,4
5572,4
5573,4
5574,4
5575,4
5576,4
5577,4
5578,2
5579,4
5580,4
5581,4
5582,4
5583,4
5584,4
5585,4
5586,4
5587,4
5588,4
5589,4
5590,4
5591,4
5592,4
5593,4
5594,4
5595,4
5596,4
5597,4
5598,4
5599,4
5600,4
5601,4
5602,4
5603,2
5604,2
5605,2
5606,2
5607,4
5608,4
5609,3
5610,3
5611,3
5612,3
5613,3
5614,3
5615,3
5616,4
5617,4
5618,4
5619,4
5620,4
5621,4
5622,4
5623,4
5624,4
5625,4
5626,4
5627,4
5628,1
5629,1
5630,2
5631,2
5632,2
5633,4
5634,4
5635,4
5636,4
5637,4
5638,4
5639,4
5640,4
5641,4
5642,4
5643,4
5644,4
5645,4
5646,2
5647,2
5648,2
5649,2
5650,2
5651,2
5652,2
5653,4
5654,4
5655,2
5656,4
5657,4
5658,4
5659,4
5660,4
5661,1
5662,1
5663,1
5664,1
5665,1
5666,1
5667,1
5668,4
5669,4
5670,4
5671,4
5672,4
5673,4
5674,4
5675,4
5676,4
5677,4
5678,4
5679,4
5680,4
5681,4
5682,4
5683,4
5684,4
5685,4
5686,4
5687,4
5688,4
5689,4
5690,4
5691,4
5692,3
5693,3
5694,3
5695,3
5696,3
5697,3
5698,3
5699,3
5700,3
5701,3
5702,3
5703,3
5704,3
5705,3
5706,3
5707,3
5708,3
5709,3
5710,3
5711,3
5712,3
5713,4
5714,4
5715,4
5716,4
5717,4
5718,4
5719,3
5720,3
5721,3
5722,3
5723,3
5724,4
5725,4
5726,4
5727,4
5728,4
5729,4
5730,4
5731,4
5732,4
5733,4
5734,4
5735,4
5736,4
5737,4
5738,4
5739,4
5740,4
5741,4
5742,4
5743,4
5744,4
5745,4
5746,4
5747,4
5748,4
5749,4
5750,4
5751,4
5752,4
5753,4
5754,4
5755,4
5756,4
5757,4
5758,4
5759,4
5760,4
5761,4
5762,4
5763,4
5764,4
5765,1
5766,1
5767,1
5768,1
5769,1
5770,1
5771,1
5772,1
5773,4
5774,4
5775,4
5776,4
5777,4
5778,4
5779,4
5780,3
5781,3
5782,3
5783,3
5784,4
5785,4
5786,4
5787,1
5788,1
5789,1
5790,1
5791,1
5792,3
5793,3
5794,4
5795,4
5796,4
5797,4
5798,4
5799,4
5800,4
5801,4
5802,4
5803,4
5804,4
5805,4
5806,4
5807,4
5808,4
5809,4
5810,2
5811,2
5812,2
5813,2
5814,4
5815,4
5816,4
5817,4
5818,4
5819,4
5820,4
5821,2
5822,2
5823,2
5824,2
5825,2
5826,2
5827,2
5828,3
5829,3
5830,3
5831,3
5832,4
5833,4
5834,4
5835,4
5836,4
5837,4
5838,4
5839,3
5840,3
5841,3
5842,2
5843,2
5844,2
5845,2
5846,2
5847,2
5848,2
5849,2
5850,2
5851,2
5852,4
5853,4
5854,4
5855,4
5856,4
5857,4
5858,4
5859,4
5860,4
5861,4
5862,4
5863,4
5864,4
5865,4
5866,4
5867,4
5868,4
5869,4
5870,2
5871,2
5872,2
5873,2
5874,2
5875,2
5876,4
5877,4
5878,4
5879,4
5880,4
5881,4
5882,4
5883,4
5884,4
5885,4
5886,4
5887,4
5888,4
5889,4
5890,4
5891,4
5892,3
5893,3
5894,4
5895,4
5896,4
5897,4
5898,4
5899,4
5900,3
5901,3
5902,3
5903,3
5904,3
5905,3
5906,4
5907,4
5908,2
5909,2
5910,2
5911,2
5912,2
5913,4
5914,4
5915,3
5916,3
5917,3
5918,2
5919,2
5920,2
5921,2
5922,1
5923,1
5924,1
5925,1
5926,1
5927,1
5928,1
5929,2
5930,2
5931,2
5932,2
5933,4
5934,4
5935,4
5936,4
5937,4
5938,4
5939,4
5940,4
5941,4
5942,4
5943,4
5944,4
5945,4
5946,4
5947,4
5948,4
5949,4
5950,4
5951,4
5952,4
5953,4
5954,4
5955,4
5956,4
5957,4
5958,4
5959,4
5960,4
5961,4
5962,4
5963,4
5964,4
5965,4
5966,4
5967,4
5968,1
5969,1
5970,1
5971,1
5972,4
5973,4
5974,4
5975,4
5976,4
5977,4
5978,4
5979,4
5980,4
5981,4
5982,4
5983,4
5984,4
5985,4
5986,4
5987,3
5988,3
5989,3
5990,4
5991,4
5992,4
5993,4
5994,4
5995,4
5996,3
5997,3
5998,3
5999,3
6000,4
6001,4
6002,4
6003,4
6004,4
6005,4
6006,4
6007,4
6008,4
6009,4
6010,4
6011,4
6012,4
6013,4
6014,4
6015,4
6016,4
6017,4
6018,4
6019,4
6020,4
6021,4
6022,4
6023,3
6024,3
6025,3
6026,4
6027,4
6028,2
6029,2
6030,2
6031,2
6032,2
6033,2
6034,2
6035,2
6036,2
6037,2
6038,2
6039,2
6040,4
6041,4
6042,4
6043,4
6044,2
6045,2
6046,2
6047,4
6048,4
6049,4
6050,4
6051,4
6052,4
6053,4
6054,4
6055,4
6056,4
6057,4
6058,4
6059,4
6060,4
6061,4
6062,4
6063,4
6064,4
6065,4
6066,2
6067,2
6068,3
6069,3
6070,3
6071,3
6072,4
6073,4
6074,4
6075,4
6076,3
6077,3
6078,3
6079,3
6080,3
6081,4
6082,4
6083,4
6084,4
6085,4
6086,4
6087,4
6088,4
6089,4
6090,4
6091,4
6092,4
6093,4
6094,3
6095,3
6096,3
6097,3
6098,4
6099,4
6100,4
6101,4
6102,3
6103,3
6104,4
6105,4
6106,4
6107,4
6108,4
6109,2
6110,4
6111,4
6112,4
6113,4
6114,4
6115,4
6116,4
6117,4
6118,4
6119,4
6120,4
6121,4
6122,4
6123,4
6124,3
6125,3
6126,3
6127,3
6128,1
6129,1
6130,4
6131,4
6132,4
6133,4
6134,4
6135,2
6136,2
6137,2
6138,2
6139,2
6140,2
6141,2
6142,2
6143,2
6144,2
6145,4
6146,4
6147,4
6148,4
6149,4
6150,4
6151,2
6152,2
6153,2
6154,4
6155,4
6156,4
6157,4
6158,2
6159,2
6160,2
6161,3
6162,3
6163,3
6164,3
6165,3
6166,4
6167,4
6168,4
6169,4
6170,4
6171,4
6172,4
6173,2
6174,2
6175,2
6176,2
6177,3
6178,3
6179,3
6180,4
6181,4
6182,4
6183,4
6184,4
6185,4
6186,4
6187,4
6188,3
6189,3
6190,3
6191,4
6192,4
6193,4
6194,4
6195,4
6196,4
6197,4
6198,4
6199,4
6200,4
6201,4
6202,3
6203,3
6204,3
6205,3
6206,4
6207,4
6208,4
6209,4
6210,1
6211,1
6212,1
6213,1
6214,1
6215,1
6216,1
6217,4
6218,4
6219,4
6220,4
6221,4
6222,4
6223,4
6224,3
6225,3
6226,3
6227,3
6228,3
6229,4
6230,4
6231,4
6232,3
6233,3
6234,4
6235,4
6236,4
6237,4
6238,4
6239,4
6240,4
6241,4
6242,4
6243,4
6244,4
6245,4
6246,4
6247,3
6248,3
6249,4
6250,4
6251,4
6252,1
6253,4
6254,4
6255,4
6256,4
6257,4
6258,4
6259,4
6260,3
6261,3
6262,3
6263,1
6264,1
6265,1
6266,1
6267,1
6268,1
6269,2
6270,2
6271,2
6272,1
6273,1
6274,1
6275,4
6276,4
6277,3
6278,4
6279,4
6280,4
6281,4
6282,4
6283,2
6284,2
6285,4
6286,4
6287,4
6288,4
6289,4
6290,4
6291,1
6292,1
6293,1
6294,1
6295,2
6296,2
6297,4
6298,4
6299,2
6300,2
6301,2
6302,4
6303,4
6304,4
6305,4
6306,4
6307,4
6308,4
6309,4
6310,4
6311,4
6312,4
6313,4
6314,4
6315,4
6316,2
6317,2
6318,4
6319,4
6320,4
6321,4
6322,4
6323,4
6324,4
6325,3
6326,3
6327,2
6328,4
6329,1
6330,1
6331,1
6332,1
6333,1
6334,1
6335,4
6336,4
6337,4
6338,4
6339,4
6340,1
6341,3
6342,3
6343,1
6344,1
6345,1
6346,1
6347,4
6348,4
6349,4
6350,4
6351,2
6352,2
6353,1
6354,2
6355,2
6356,2
6357,4
6358,4
6359,4
6360,4
6361,4
6362,4
6363,4
6364,4
6365,4
6366,4
6367,4
6368,4
6369,4
6370,4
6371,4
6372,4
6373,4
6374,4
6375,2
6376,2
6377,2
6378,2
6379,4
6380,4
6381,4
6382,2
6383,2
6384,2
6385,2
6386,2
6387,4
6388,4
6389,4
6390,4
6391,4
6392,3
6393,3
6394,1
6395,1
6396,4
6397,4
6398,4
6399,4
6400,4
6401,4
6402,4
6403,4
6404,4
6405,3
6406,3
6407,3
6408,3
6409,4
6410,4
6411,4
6412,4
6413,4
6414,4
6415,4
6416,4
6417,1
6418,1
6419,1
6420,4
6421,4
6422,4
6423,4
6424,2
6425,2
6426,2
6427,2
6428,4
6429,4
6430,4
6431,4
6432,4
6433,4
6434,4
6435,4
6436,4
6437,2
6438,2
6439,4
6440,4
6441,4
6442,4
6443,3
6444,3
6445,4
6446,4
6447,4
6448,2
6449,2
6450,2
6451,2
6452,2
6453,2
6454,2
6455,2
6456,2
6457,2
6458,2
6459,2
6460,2
6461,2
6462,2
6463,2
6464,2
6465,2
6466,2
6467,2
6468,2
6469,2
6470,2
6471,2
6472,2
6473,2
6474,1
6475,1
6476,1
6477,2
6478,2
6479,2
6480,2
6481,2
6482,2
6483,2
6484,2
6485,2
6486,4
6487,4
6488,4
6489,4
6490,4
6491,4
6492,4
6493,4
6494,2
6495,2
6496,2
6497,4
6498,4
6499,4
6500,4
6501,4
6502,3
6503,3
6504,3
6505,4
6506,4
6507,4
6508,4
6509,4
6510,4
6511,4
6512,4
6513,4
6514,4
6515,4
6516,4
6517,1
6518,1
6519,4
6520,4
6521,4
6522,4
6523,4
6524,4
6525,4
6526,4
6527,4
6528,2
6529,2
6530,4
6531,4
6532,4
6533,4
6534,4
6535,1
6536,1
6537,1
6538,1
6539,4
6540,4
6541,4
6542,4
6543,1
6544,1
6545,4
6546,4
6547,4
6548,2
6549,2
6550,2
6551,3
6552,3
6553,3
6554,1
6555,1
6556,1
6557,2
6558,2
6559,2
6560,2
6561,2
6562,2
6563,2
6564,2
6565,1
6566,1
6567,1
6568,1
6569,1
6570,2
6571,2
6572,2
6573,2
6574,2
6575,2
6576,1
6577,1
6578,1
6579,1
6580,2
6581,2
6582,2
6583,2
6584,2
6585,1
6586,1
6587,1
6588,2
6589,2
6590,2
6591,3
6592,3
6593,3
6594,3
6595,4
6596,2
6597,2
6598,2
6599,4
6600,4
6601,4
6602,4
6603,4
6604,4
6605,2
6606,3
6607,3
6608,4
6609,4
6610,4
6611,4
6612,4
6613,4
6614,4
6615,3
6616,3
6617,3
6618,3
6619,2
6620,2
6621,4
6622,4
6623,4
6624,4
6625,2
6626,2
6627,3
6628,3
6629,3
6630,3
6631,3
6632,3
6633,3
6634,1
6635,1
6636,1
6637,2
6638,2
6639,2
6640,2
6641,2
6642,2
6643,2
6644,3
6645,3
6646,3
6647,3
6648,3
6649,3
6650,2
6651,2
6652,2
6653,2
6654,3
6655,3
6656,2
6657,3
6658,3
6659,3
6660,3
6661,3
6662,2
6663,2
6664,1
6665,1
6666,1
6667,1
6668,1
6669,4
6670,4
6671,3
6672,3
6673,2
6674,2
6675,2
6676,4
6677,4
6678,4
6679,2
6680,2
6681,2
6682,2
6683,2
6684,4
6685,4
6686,1
6687,1
6688,1
6689,1
6690,1
6691,1
6692,2
6693,2
6694,2
6695,2
6696,2
6697,2
6698,4
6699,4
6700,4
6701,3
6702,4
6703,4
6704,4
6705,4
6706,4
6707,3
6708,3
6709,3
6710,3
6711,1
6712,1
6713,1
6714,1
6715,1
6716,1
6717,1
6718,2
6719,2
6720,3
6721,3
6722,3
6723,4
6724,4
6725,4
6726,4
6727,3
6728,3
6729,2
6730,2
6731,4
6732,4
6733,4
6734,4
6735,4
6736,4
6737,4
6738,4
6739,4
6740,4
6741,4
6742,4
6743,4
6744,4
6745,1
6746,1
6747,1
6748,1
6749,1
6750,1
6751,1
6752,1
6753,1
6754,1
6755,3
6756,3
6757,3
6758,3
6759,3
6760,4
6761,4
6762,1
6763,1
6764,1
6765,4
6766,4
6767,4
6768,4
6769,4
6770,4
6771,4
6772,4
6773,3
6774,3
6775,3
6776,3
6777,3
6778,3
6779,3
6780,3
6781,3
6782,3
6783,4
6784,4
6785,4
6786,4
6787,4
6788,4
6789,4
6790,4
6791,4
6792,4
6793,4
6794,4
6795,4
6796,4
6797,4
6798,4
6799,4
6800,4
6801,4
6802,3
6803,3
6804,3
6805,3
6806,4
6807,4
6808,4
6809,2
6810,2
6811,2
6812,4
6813,4
6814,4
6815,4
6816,4
6817,4
6818,4
6819,4
6820,4
6821,4
6822,4
6823,4
6824,1
6825,1
6826,1
6827,4
6828,1
6829,2
6830,2
6831,2
6832,2
6833,4
6834,4
6835,4
6836,3
6837,3
6838,3
6839,3
6840,3
6841,3
6842,4
6843,2
6844,2
6845,2
6846,2
6847,1
6848,1
6849,1
6850,1
6851,4
6852,2
6853,4
6854,2
6855,2
6856,2
6857,2
6858,2
6859,2
6860,4
6861,4
6862,2
6863,2
6864,2
6865,2
6866,2
6867,2
6868,2
6869,2
6870,2
6871,2
6872,2
6873,2
6874,4
6875,4
6876,4
6877,4
6878,4
6879,4
6880,4
6881,4
6882,4
6883,4
6884,4
6885,1
6886,1
6887,1
6888,1
6889,1
6890,1
6891,2
6892,2
6893,4
6894,4
6895,3
6896,3
6897,3
6898,4
6899,4
6900,4
6901,2
6902,2
6903,2
6904,2
6905,2
6906,3
6907,3
6908,3
6909,3
6910,2
6911,2
6912,2
6913,2
6914,4
6915,4
6916,4
6917,4
6918,4
6919,4
6920,3
6921,3
6922,3
6923,3
6924,3
6925,4
6926,4
6927,2
6928,2
6929,2
6930,4
6931,4
6932,4
6933,4
6934,3
6935,3
6936,3
6937,3
6938,3
6939,3
6940,3
6941,3
6942,3
6943,4
6944,4
6945,4
6946,4
6947,2
6948,2
6949,4
6950,4
6951,4
6952,4
6953,4
6954,4
6955,4
6956,4
6957,4
6958,4
6959,1
6960,1
6961,1
6962,1
6963,1
6964,4
6965,4
6966,4
6967,1
6968,1
6969,4
6970,4
6971,4
6972,4
6973,4
6974,2
6975,2
6976,4
6977,4
6978,4
6979,4
6980,4
6981,4
6982,4
6983,4
6984,3
6985,3
6986,3
6987,3
6988,2
6989,2
6990,4
6991,4
6992,4
6993,4
6994,3
6995,3
6996,3
6997,3
6998,3
6999,3
7000,4
7001,4
7002,4
7003,4
7004,4
7005,4
7006,4
7007,4
7008,4
7009,4
7010,4
7011,4
7012,4
7013,4
7014,4
7015,4
7016,4
7017,4
7018,1
7019,1
7020,4
7021,4
7022,4
7023,4
7024,3
7025,3
7026,3
7027,4
7028,4
7029,4
7030,4
7031,4
7032,4
7033,4
7034,4
7035,4
7036,4
7037,4
7038,4
7039,4
7040,2
7041,2
7042,2
7043,4
7044,4
7045,4
7046,4
7047,4
7048,4
7049,4
7050,4
7051,4
7052,4
7053,4
7054,4
7055,4
7056,4
7057,4
7058,4
7059,4
7060,4
7061,3
7062,3
7063,3
7064,4
7065,4
7066,4
7067,4
7068,4
7069,4
7070,4
7071,4
7072,4
7073,3
7074,3
7075,3
7076,3
7077,3
7078,3
7079,2
7080,2
7081,2
7082,4
7083,4
7084,4
7085,4
7086,3
7087,4
7088,4
7089,4
7090,1
7091,1
7092,1
7093,4
7094,4
7095,4
7096,4
7097,4
7098,2
7099,3
7100,3
7101,3
7102,3
7103,3
7104,4
7105,4
7106,4
7107,4
7108,4
7109,4
7110,4
7111,4
7112,4
7113,4
7114,4
7115,4
7116,4
7117,2
7118,4
7119,4
7120,4
7121,4
7122,4
7123,4
7124,4
7125,3
7126,3
7127,3
7128,4
7129,4
7130,4
7131,4
7132,4
7133,4
7134,4
7135,4
7136,4
7137,4
7138,4
7139,4
7140,4
7141,4
7142,4
7143,4
7144,1
7145,1
7146,1
7147,1
7148,3
7149,3
7150,4
7151,4
7152,4
7153,4
7154,4
7155,4
7156,4
7157,4
7158,4
7159,1
7160,4
7161,4
7162,4
7163,4
7164,4
7165,2
7166,2
7167,2
7168,2
7169,2
7170,3
7171,3
7172,3
7173,4
7174,4
7175,4
7176,4
7177,4
7178,4
7179,4
7180,4
7181,4
7182,4
7183,4
7184,4
7185,4
7186,4
7187,4
7188,4
7189,4
7190,4
7191,4
7192,2
7193,2
7194,2
7195,3
7196,3
7197,3
7198,2
7199,2
7200,2
7201,2
7202,2
7203,2
7204,2
7205,4
7206,4
7207,4
7208,4
7209,4
7210,2
7211,3
7212,3
7213,3
7214,4
7215,4
7216,4
7217,1
7218,1
7219,1
7220,1
7221,1
7222,1
7223,1
7224,1
7225,1
7226,1
7227,1
7228,2
7229,2
7230,2
7231,2
7232,2
7233,4
7234,4
7235,4
7236,1
7237,3
7238,3
7239,3
7240,3
7241,3
7242,3
7243,3
7244,3
7245,4
7246,4
7247,4
7248,4
7249,4
7250,2
7251,2
7252,2
7253,4
7254,4
7255,4
7256,4
7257,4
7258,4
7259,4
7260,4
7261,4
7262,4
7263,4
7264,4
7265,1
7266,1
7267,1
7268,1
7269,1
7270,4
7271,4
7272,2
7273,4
7274,4
7275,4
7276,4
7277,4
7278,4
7279,4
7280,2
7281,2
7282,3
7283,3
7284,4
7285,4
7286,4
7287,4
7288,4
7289,2
7290,2
7291,4
7292,4
7293,4
7294,4
7295,4
7296,4
7297,4
7298,4
7299,4
7300,4
7301,4
7302,4
7303,4
7304,1
7305,1
7306,1
7307,4
7308,4
7309,4
7310,1
7311,1
7312,1
7313,3
7314,3
7315,2
7316,2
7317,2
7318,2
7319,4
7320,1
7321,1
7322,4
7323,4
7324,4
7325,4
7326,4
7327,4
7328,4
7329,4
7330,4
7331,4
7332,4
7333,4
7334,4
7335,4
7336,4
7337,4
7338,2
7339,2
7340,2
7341,2
7342,4
7343,4
7344,4
7345,1
7346,1
7347,1
7348,2
7349,4
7350,4
7351,2
7352,2
7353,2
7354,2
7355,3
7356,4
7357,4
7358,4
7359,4
7360,2
7361,2
7362,4
7363,4
7364,1
7365,1
7366,2
7367,2
7368,2
7369,4
7370,4
7371,2
7372,2
7373,2
7374,4
7375,4
7376,4
7377,4
7378,4
7379,4
7380,4
7381,4
7382,4
7383,4
7384,4
7385,4
7386,4
7387,4
7388,4
7389,1
7390,1
7391,1
7392,1
7393,1
7394,4
7395,4
7396,3
7397,3
7398,3
7399,3
7400,3
7401,3
7402,3
7403,4
7404,4
7405,4
7406,4
7407,4
7408,4
7409,4
7410,4
7411,4
7412,4
7413,4
7414,4
7415,4
7416,4
7417,4
7418,4
7419,4
7420,4
7421,4
7422,4
7423,4
7424,4
7425,4
7426,4
7427,4
7428,4
7429,4
7430,4
7431,4
7432,4
7433,4
7434,4
7435,4
7436,4
7437,4
7438,4
7439,4
7440,4
7441,4
7442,4
7443,4
7444,3
7445,3
7446,4
7447,4
7448,4
7449,4
7450,4
7451,1
7452,1
7453,1
7454,1
7455,1
7456,1
7457,1
7458,1
7459,1
7460,1
7461,3
7462,3
7463,3
7464,2
7465,2
7466,2
7467,2
7468,2
7469,4
7470,4
7471,4
7472,4
7473,4
7474,4
7475,4
7476,2
7477,2
7478,2
7479,3
7480,1
7481,1
7482,1
7483,4
7484,4
7485,4
7486,4
7487,4
7488,4
7489,4
7490,4
7491,4
7492,4
7493,3
7494,3
7495,3
7496,3
7497,3
7498,3
7499,1
7500,1
7501,4
7502,4
7503,4
7504,2
7505,2
7506,2
7507,2
7508,2
7509,3
7510,3
7511,3
7512,3
7513,4
7514,4
7515,4
7516,4
7517,4
7518,2
7519,2
7520,2
7521,2
7522,3
7523,3
7524,3
7525,1
7526,1
7527,1
7528,4
7529,4
7530,4
7531,4
7532,4
7533,4
7534,2
7535,2
7536,2
7537,4
7538,4
7539,4
7540,4
7541,4
7542,2
7543,2
7544,2
7545,2
7546,2
7547,2
7548,4
7549,4
7550,4
7551,4
7552,4
7553,4
7554,4
7555,4
7556,4
7557,4
7558,4
7559,4
7560,4
7561,4
7562,4
7563,4
7564,4
7565,1
7566,1
7567,4
7568,4
7569,4
7570,2
7571,2
7572,2
7573,4
7574,4
7575,4
7576,4
7577,4
7578,4
7579,2
7580,2
7581,4
7582,4
7583,4
7584,4
7585,4
7586,4
7587,2
7588,2
7589,2
7590,2
7591,2
7592,2
7593,3
7594,3
7595,3
7596,3
7597,3
7598,3
7599,3
7600,4
7601,4
7602,4
7603,3
7604,3
7605,3
7606,3
7607,4
7608,4
7609,4
7610,3
7611,1
7612,1
7613,1
7614,4
7615,4
7616,4
7617,4
7618,4
7619,1
7620,1
7621,4
7622,4
7623,4
7624,4
7625,2
7626,2
7627,2
7628,2
7629,3
7630,3
7631,3
7632,3
7633,4
7634,4
7635,4
7636,4
7637,4
7638,4
7639,4
7640,4
7641,4
7642,4
7643,2
7644,2
7645,2
7646,3
7647,3
7648,3
7649,3
7650,3
7651,3
7652,3
7653,3
7654,3
7655,3
7656,2
7657,2
7658,2
7659,2
7660,2
7661,2
7662,4
7663,4
7664,4
7665,3
7666,3
7667,3
7668,2
7669,2
7670,2
7671,2
7672,2
7673,2
7674,2
7675,2
7676,2
7677,4
7678,4
7679,4
7680,2
7681,2
7682,2
7683,2
7684,2
7685,2
7686,4
7687,4
7688,3
7689,4
7690,4
7691,1
7692,4
7693,4
7694,2
7695,2
7696,2
7697,4
7698,4
7699,4
7700,4
7701,4
7702,4
7703,4
7704,4
7705,3
7706,3
7707,4
7708,4
7709,4
7710,4
7711,4
7712,4
7713,1
7714,4
7715,4
7716,4
7717,4
7718,4
7719,4
7720,3
7721,3
7722,3
7723,3
7724,3
7725,3
7726,2
7727,2
7728,2
7729,2
7730,2
7731,2
7732,2
7733,2
7734,2
7735,2
7736,4
7737,4
7738,4
7739,4
7740,4
7741,4
7742,4
7743,4
7744,4
7745,4
7746,4
7747,4
7748,4
7749,4
7750,1
7751,1
7752,1
7753,1
7754,1
7755,1
7756,3
7757,3
7758,4
7759,4
7760,4
7761,4
7762,1
7763,1
7764,2
7765,2
7766,2
7767,2
7768,1
7769,1
7770,1
7771,1
7772,3
7773,3
7774,3
7775,3
7776,1
7777,1
7778,1
7779,1
7780,1
7781,1
7782,1
7783,4
7784,4
7785,4
7786,3
7787,3
7788,1
7789,1
7790,2
7791,2
7792,2
7793,4
7794,4
7795,4
7796,4
7797,4
7798,4
7799,4
7800,4
7801,4
7802,4
7803,3
7804,4
7805,4
7806,4
7807,2
7808,2
7809,2
7810,2
7811,2
7812,2
7813,2
7814,2
7815,2
7816,2
7817,2
7818,2
7819,4
7820,4
7821,4
7822,2
7823,2
7824,2
7825,3
7826,3
7827,3
7828,3
7829,2
7830,2
7831,2
7832,2
7833,2
7834,4
7835,4
7836,4
7837,4
7838,4
7839,4
7840,4
7841,4
7842,4
7843,4
7844,4
7845,4
7846,4
7847,4
7848,1
7849,1
7850,1
7851,1
7852,1
7853,1
7854,1
7855,1
7856,1
7857,4
7858,4
7859,4
7860,4
7861,4
7862,4
7863,3
7864,3
7865,2
7866,2
7867,1
7868,1
7869,3
7870,3
7871,3
7872,4
7873,4
7874,4
7875,2
7876,2
7877,2
7878,2
7879,2
7880,2
7881,2
7882,2
7883,2
7884,4
7885,4
7886,2
7887,2
7888,2
7889,4
7890,4
7891,4
7892,3
7893,3
7894,3
7895,3
7896,4
7897,4
7898,2
7899,2
7900,2
7901,2
7902,4
7903,4
7904,4
7905,4
7906,4
7907,4
7908,4
7909,4
7910,4
7911,1
7912,1
7913,1
7914,1
7915,1
7916,4
7917,4
7918,4
7919,4
7920,4
7921,4
7922,1
7923,1
7924,1
7925,1
7926,1
7927,1
7928,1
7929,3
7930,3
7931,3
7932,3
7933,2
7934,2
7935,2
7936,2
7937,2
7938,4
7939,4
7940,4
7941,1
7942,1
7943,3
7944,3
7945,3
7946,3
7947,3
7948,4
7949,4
7950,4
7951,4
7952,4
7953,4
7954,4
7955,4
7956,4
7957,4
7958,4
7959,4
7960,4
7961,2
7962,2
7963,2
7964,2
7965,4
7966,3
7967,3
7968,3
7969,3
7970,4
7971,4
7972,4
7973,4
7974,4
7975,4
7976,4
7977,4
7978,4
7979,4
7980,4
7981,2
7982,2
7983,2
7984,2
7985,2
7986,1
7987,1
7988,1
7989,1
7990,2
7991,2
7992,2
7993,2
7994,2
7995,2
7996,2
7997,2
7998,2
7999,2
8000,2
8001,2
8002,2
8003,2
8004,2
8005,2
8006,4
8007,4
8008,4
8009,4
8010,1
8011,1
8012,4
8013,4
8014,4
8015,4
8016,4
8017,4
8018,4
8019,4
8020,4
8021,4
8022,4
8023,4
8024,1
8025,2
8026,2
8027,2
8028,4
8029,4
8030,4
8031,4
8032,2
8033,2
8034,4
8035,4
8036,4
8037,4
8038,4
8039,4
8040,4
8041,4
8042,4
8043,4
8044,4
8045,4
8046,2
8047,2
8048,2
8049,2
8050,1
8051,1
8052,1
8053,1
8054,1
8055,1
8056,1
8057,1
8058,1
8059,4
8060,4
8061,4
8062,4
8063,4
8064,4
8065,4
8066,4
8067,4
8068,4
8069,1
8070,1
8071,1
8072,1
8073,1
8074,1
8075,1
8076,4
8077,4
8078,4
8079,4
8080,4
8081,4
8082,4
8083,4
8084,4
8085,4
8086,4
8087,4
8088,4
8089,4
8090,1
8091,1
8092,4
8093,4
8094,4
8095,4
8096,4
8097,4
8098,4
8099,4
8100,4
8101,4
8102,4
8103,4
8104,4
8105,4
8106,4
8107,4
8108,4
8109,2
8110,2
8111,2
8112,2
8113,2
8114,2
8115,2
8116,2
8117,2
8118,3
8119,3
8120,3
8121,3
8122,3
8123,3
8124,3
8125,4
8126,4
8127,4
8128,4
8129,4
8130,2
8131,2
8132,2
8133,2
8134,2
8135,4
8136,4
8137,4
8138,4
8139,4
8140,4
8141,2
8142,2
8143,2
8144,1
8145,1
8146,1
8147,1
8148,4
8149,4
8150,4
8151,4
8152,4
8153,4
8154,4
8155,4
8156,1
8157,1
8158,1
8159,2
8160,2
8161,2
8162,2
8163,2
8164,2
8165,2
8166,2
8167,2
8168,2
8169,2
8170,2
8171,2
8172,2
8173,2
8174,2
8175,2
8176,2
8177,4
8178,4
8179,4
8180,4
8181,4
8182,3
8183,3
8184,3
8185,4
8186,4
8187,4
8188,4
8189,4
8190,4
8191,4
8192,4
8193,4
8194,4
8195,4
8196,4
8197,4
8198,4
8199,3
8200,3
8201,3
8202,3
8203,3
8204,1
8205,1
8206,1
8207,1
8208,1
8209,3
8210,3
8211,3
8212,3
8213,3
8214,3
8215,3
8216,3
8217,3
8218,3
8219,3
8220,3
8221,3
8222,4
8223,4
8224,4
8225,4
8226,2
8227,4
8228,4
8229,4
8230,4
8231,4
8232,4
8233,4
8234,4
8235,4
8236,4
8237,4
8238,4
8239,4
8240,4
8241,3
8242,3
8243,3
8244,3
8245,1
8246,1
8247,1
8248,1
8249,4
8250,4
8251,4
8252,4
8253,4
8254,4
8255,4
8256,1
8257,2
8258,2
8259,2
8260,2
8261,2
8262,2
8263,2
8264,2
8265,2
8266,2
8267,1
8268,1
8269,1
8270,1
8271,1
8272,1
8273,2
8274,2
8275,2
8276,2
8277,2
8278,3
8279,3
8280,3
8281,2
8282,2
8283,2
8284,2
8285,4
8286,4
8287,4
8288,4
8289,4
8290,1
8291,1
8292,1
8293,2
8294,1
8295,1
8296,1
8297,1
8298,1
8299,4
8300,4
8301,4
8302,4
8303,3
8304,3
8305,4
8306,2
8307,3
8308,2
8309,2
8310,2
8311,4
8312,3
8313,3
8314,3
8315,3
8316,3
8317,3
8318,4
8319,4
8320,3
8321,3
8322,3
8323,3
8324,4
8325,4
8326,4
8327,4
8328,4
8329,4
8330,4
8331,4
8332,4
8333,4
8334,4
8335,4
8336,4
8337,3
8338,4
8339,4
8340,4
8341,4
8342,4
8343,4
8344,2
8345,2
8346,2
8347,1
8348,1
8349,2
8350,2
8351,2
8352,2
8353,4
8354,4
8355,4
8356,4
8357,4
8358,4
8359,4
8360,3
8361,3
8362,3
8363,3
8364,3
8365,1
8366,1
8367,1
8368,1
8369,1
8370,1
8371,1
8372,4
8373,4
8374,4
8375,4
8376,4
8377,4
8378,4
8379,4
8380,1
8381,1
8382,1
8383,1
8384,4
8385,4
8386,4
8387,4
8388,4
8389,4
8390,4
8391,4
8392,4
8393,2
8394,2
8395,2
8396,2
8397,4
8398,3
8399,3
8400,3
8401,2
8402,2
8403,2
8404,2
8405,2
8406,4
8407,4
8408,4
8409,4
8410,4
8411,4
8412,3
8413,3
8414,3
8415,4
8416,4
8417,4
8418,4
8419,4
8420,4
8421,4
8422,3
8423,3
8424,3
8425,3
8426,3
8427,4
8428,4
8429,4
8430,4
8431,3
8432,3
8433,3
8434,1
8435,1
8436,2
8437,2
8438,1
8439,1
8440,1
8441,1
8442,1
8443,1
8444,2
8445,2
8446,2
8447,2
8448,2
8449,2
8450,2
8451,2
8452,2
8453,2
8454,2
8455,3
8456,3
8457,3
8458,2
8459,2
8460,2
8461,4
8462,4
8463,4
8464,4
8465,4
8466,4
8467,4
8468,2
8469,2
8470,2
8471,4
8472,4
8473,4
8474,4
8475,4
8476,4
8477,4
8478,3
8479,4
8480,4
8481,3
8482,3
8483,3
8484,3
8485,2
8486,2
8487,4
8488,4
8489,4
8490,4
8491,3
8492,3
8493,3
8494,3
8495,4
8496,4
8497,4
8498,4
8499,4
8500,4
8501,4
8502,4
8503,2
8504,2
8505,2
8506,2
8507,2
8508,2
8509,3
8510,3
8511,4
8512,4
8513,4
8514,4
8515,4
8516,4
8517,4
8518,4
8519,4
8520,4
8521,4
8522,4
8523,4
8524,4
8525,4
8526,4
8527,4
8528,4
8529,4
8530,4
8531,4
8532,4
8533,4
8534,4
8535,4
8536,4
8537,4
8538,1
8539,1
8540,4
8541,4
8542,4
8543,4
8544,4
8545,4
8546,4
8547,4
8548,4
8549,4
8550,4
8551,4
8552,4
8553,4
8554,4
8555,4
8556,2
8557,2
8558,2
8559,2
8560,2
8561,2
8562,2
8563,2
8564,2
8565,4
8566,4
8567,4
8568,4
8569,4
8570,4
8571,4
8572,4
8573,3
8574,3
8575,2
8576,2
8577,2
8578,3
8579,3
8580,3
8581,4
8582,4
8583,4
8584,4
8585,3
8586,4
8587,4
8588,4
8589,4
8590,4
8591,4
8592,4
8593,4
8594,4
8595,1
8596,1
8597,1
8598,1
8599,3
8600,3
8601,3
8602,3
8603,4
8604,4
8605,4
8606,3
8607,3
8608,3
8609,3
8610,2
8611,2
8612,2
8613,2
8614,2
8615,4
8616,4
8617,4
8618,4
8619,4
8620,3
8621,3
8622,3
8623,3
8624,3
8625,4
8626,4
8627,4
8628,4
8629,4
8630,1
8631,1
8632,1
8633,1
8634,1
8635,1
8636,3
8637,4
8638,4
8639,4
8640,4
8641,3
8642,3
8643,3
8644,3
8645,3
8646,4
8647,4
8648,4
8649,1
8650,1
8651,1
8652,1
8653,4
8654,4
8655,2
8656,2
8657,2
8658,3
8659,3
8660,3
8661,3
8662,2
8663,2
8664,2
8665,2
8666,2
8667,2
8668,2
8669,2
8670,2
8671,2
8672,2
8673,4
8674,4
8675,4
8676,4
8677,4
8678,4
8679,4
8680,4
8681,4
8682,4
8683,4
8684,4
8685,2
8686,2
8687,2
8688,2
8689,2
8690,3
8691,3
8692,3
8693,3
8694,4
8695,4
8696,4
8697,4
8698,4
8699,4
8700,4
8701,2
8702,2
8703,2
8704,2
8705,2
8706,2
8707,4
8708,4
8709,4
8710,4
8711,4
8712,4
8713,4
8714,4
8715,4
8716,4
8717,4
8718,4
8719,4
8720,1
8721,1
8722,1
8723,1
8724,4
8725,4
8726,4
8727,4
8728,4
8729,4
8730,4
8731,3
8732,3
8733,3
8734,4
8735,4
8736,4
8737,4
8738,4
8739,4
8740,2
8741,2
8742,2
8743,2
8744,2
8745,4
8746,4
8747,2
8748,2
8749,2
8750,2
8751,2
8752,2
8753,2
8754,2
8755,2
8756,4
8757,4
8758,4
8759,4
8760,4
8761,4
8762,4
8763,4
8764,4
8765,3
8766,3
8767,3
8768,3
8769,4
8770,3
8771,3
8772,4
8773,4
8774,4
8775,4
8776,4
8777,4
8778,4
8779,4
8780,4
8781,4
8782,4
8783,2
8784,2
8785,2
8786,4
8787,4
8788,4
8789,2
8790,2
8791,2
8792,3
8793,1
8794,1
8795,1
8796,4
8797,4
8798,4
8799,4
8800,4
8801,4
8802,4
8803,4
8804,4
8805,4
8806,4
8807,2
8808,2
8809,2
8810,2
8811,3
8812,3
8813,4
8814,4
8815,4
8816,4
8817,4
8818,4
8819,4
8820,4
8821,3
8822,3
8823,3
8824,3
8825,3
8826,4
8827,4
8828,3
8829,3
8830,3
8831,3
8832,3
8833,3
8834,4
8835,4
8836,4
8837,4
8838,1
8839,1
8840,4
8841,2
8842,2
8843,2
8844,2
8845,1
8846,1
8847,1
8848,4
8849,4
8850,4
8851,4
8852,4
8853,4
8854,4
8855,4
8856,4
8857,4
8858,4
8859,4
8860,4
8861,4
8862,1
8863,1
8864,1
8865,1
8866,1
8867,1
8868,1
8869,4
8870,4
8871,4
8872,4
8873,4
8874,4
8875,4
8876,4
8877,4
8878,4
8879,3
8880,3
8881,3
8882,3
8883,3
8884,3
8885,4
8886,4
8887,4
8888,4
8889,4
8890,4
8891,4
8892,4
8893,4
8894,4
8895,4
8896,4
8897,4
8898,4
8899,4
8900,4
8901,4
8902,4
8903,3
8904,3
8905,3
8906,4
8907,4
8908,4
8909,4
8910,4
8911,4
8912,4
8913,4
8914,4
8915,4
8916,4
8917,4
8918,4
8919,4
8920,4
8921,4
8922,4
8923,4
8924,4
8925,4
8926,4
8927,4
8928,4
8929,4
8930,4
8931,4
8932,4
8933,4
8934,4
8935,4
8936,4
8937,1
8938,4
8939,4
8940,4
8941,4
8942,4
8943,2
8944,2
8945,2
8946,3
8947,3
8948,3
8949,2
8950,2
8951,3
8952,3
8953,3
8954,3
8955,3
8956,3
8957,3
8958,2
8959,2
8960,2
8961,2
8962,2
8963,2
8964,2
8965,2
8966,2
8967,2
8968,2
8969,2
8970,2
8971,2
8972,2
8973,2
8974,2
8975,2
8976,2
8977,2
8978,2
8979,2
8980,4
8981,4
8982,4
8983,4
8984,4
8985,4
8986,4
8987,4
8988,4
8989,4
8990,4
8991,4
8992,4
8993,4
8994,4
8995,4
8996,4
8997,4
8998,2
8999,2
9000,2
9001,2
9002,4
9003,4
9004,4
9005,2
9006,2
9007,2
9008,2
9009,4
9010,4
9011,4
9012,4
9013,2
9014,2
9015,2
9016,2
9017,2
9018,2
9019,2
9020,2
9021,2
9022,4
9023,4
9024,4
9025,2
9026,2
9027,2
9028,4
9029,4
9030,4
9031,4
9032,4
9033,4
9034,4
9035,4
9036,4
9037,4
9038,4
9039,4
9040,2
9041,2
9042,2
9043,2
9044,2
9045,2
9046,2
9047,2
9048,4
9049,4
9050,4
9051,4
9052,4
9053,4
9054,4
9055,4
9056,4
9057,4
9058,4
9059,4
9060,4
9061,4
9062,4
9063,4
9064,4
9065,4
9066,4
9067,4
9068,3
9069,3
9070,3
9071,3
9072,3
9073,3
9074,3
9075,3
9076,4
9077,4
9078,4
9079,4
9080,4
9081,4
9082,4
9083,4
9084,4
9085,4
9086,4
9087,4
9088,4
9089,4
9090,4
9091,4
9092,3
9093,3
9094,3
9095,3
9096,3
9097,2
9098,2
9099,2
9100,2
9101,2
9102,4
9103,2
9104,2
9105,2
9106,4
9107,4
9108,2
9109,2
9110,2
9111,2
9112,2
9113,2
9114,2
9115,4
9116,4
9117,4
9118,4
9119,4
9120,4
9121,4
9122,4
9123,4
9124,4
9125,4
9126,4
9127,4
9128,4
9129,2
9130,2
9131,2
9132,2
9133,4
9134,4
9135,4
9136,4
9137,4
9138,4
9139,4
9140,4
9141,2
9142,2
9143,2
9144,4
9145,4
9146,4
9147,4
9148,4
9149,4
9150,4
9151,4
9152,4
9153,4
9154,4
9155,4
9156,4
9157,4
9158,4
9159,4
9160,4
9161,4
9162,4
9163,4
9164,4
9165,4
9166,3
9167,4
9168,4
9169,4
9170,4
9171,4
9172,1
9173,4
9174,4
9175,4
9176,4
9177,4
9178,4
9179,4
9180,4
9181,4
9182,4
9183,4
9184,4
9185,4
9186,4
9187,4
9188,4
9189,2
9190,2
9191,2
9192,2
9193,2
9194,2
9195,2
9196,2
9197,4
9198,4
9199,4
9200,4
9201,4
9202,4
9203,4
9204,4
9205,4
9206,4
9207,4
9208,4
9209,2
9210,2
9211,4
9212,4
9213,4
9214,4
9215,4
9216,4
9217,4
9218,4
9219,4
9220,4
9221,4
9222,4
9223,4
9224,4
9225,4
9226,4
9227,4
9228,4
9229,4
9230,4
9231,4
9232,4
9233,4
9234,4
9235,4
9236,4
9237,4
9238,4
9239,4
9240,4
9241,4
9242,3
9243,3
9244,3
9245,3
9246,3
9247,3
9248,3
9249,3
9250,3
9251,4
9252,4
9253,4
9254,4
9255,4
9256,4
9257,4
9258,4
9259,4
9260,4
9261,4
9262,4
9263,4
9264,4
9265,4
9266,4
9267,4
9268,4
9269,4
9270,4
9271,4
9272,4
9273,4
9274,4
9275,4
9276,3
9277,3
9278,3
9279,3
9280,3
9281,3
9282,3
9283,2
9284,2
9285,2
9286,2
9287,3
9288,3
9289,3
9290,3
9291,2
9292,4
9293,4
9294,4
9295,4
9296,4
9297,4
9298,4
9299,4
9300,4
9301,4
9302,4
9303,4
9304,1
9305,1
9306,1
9307,1
9308,1
9309,1
9310,4
9311,4
9312,4
9313,4
9314,4
9315,4
9316,4
9317,4
9318,4
9319,4
9320,4
9321,4
9322,4
9323,4
9324,4
9325,4
9326,1
9327,1
9328,2
9329,2
9330,2
9331,3
9332,3
9333,3
9334,3
9335,3
9336,3
9337,3
9338,3
9339,3
9340,3
9341,3
9342,1
9343,1
9344,3
9345,3
9346,3
9347,3
9348,1
9349,1
9350,1
9351,1
9352,4
9353,4
9354,4
9355,4
9356,2
9357,2
9358,2
9359,2
9360,2
9361,2
9362,4
9363,4
9364,4
9365,4
9366,4
9367,4
9368,2
9369,2
9370,2
9371,2
9372,2
9373,2
9374,3
9375,3
9376,3
9377,3
9378,3
9379,3
9380,3
9381,3
9382,4
9383,4
9384,4
9385,4
9386,4
9387,4
9388,4
9389,2
9390,2
9391,2
9392,2
9393,2
9394,2
9395,2
9396,2
9397,1
9398,1
9399,1
9400,1
9401,4
9402,4
9403,4
9404,2
9405,2
9406,1
9407,1
9408,1
9409,2
9410,2
9411,2
9412,4
9413,4
9414,4
9415,1
9416,1
9417,1
9418,1
9419,1
9420,1
9421,1
9422,1
9423,1
9424,2
9425,2
9426,2
9427,4
9428,4
9429,4
9430,4
9431,1
9432,1
9433,1
9434,1
9435,2
9436,2
9437,2
9438,2
9439,2
9440,2
9441,1
9442,1
9443,1
9444,1
9445,4
9446,4
9447,4
9448,4
9449,4
9450,3
9451,3
9452,3
9453,3
9454,3
9455,3
9456,3
9457,4
9458,4
9459,4
9460,4
9461,2
9462,4
9463,1
9464,1
9465,1
9466,2
9467,2
9468,2
9469,2
9470,2
9471,2
9472,2
9473,2
9474,2
9475,2
9476,2
9477,2
9478,2
9479,2
9480,3
9481,4
9482,4
9483,1
9484,1
9485,1
9486,1
9487,4
9488,4
9489,3
9490,3
9491,2
9492,2
9493,2
9494,4
9495,4
9496,4
9497,3
9498,4
9499,4
9500,4
9501,4
9502,4
9503,4
9504,4
9505,4
9506,3
9507,4
9508,1
9509,1
9510,4
9511,4
9512,4
9513,4
9514,1
9515,1
9516,4
9517,4
9518,4
9519,4
9520,4
9521,4
9522,3
9523,3
9524,4
9525,4
9526,4
9527,4
9528,4
9529,4
9530,4
9531,4
9532,4
9533,4
9534,3
9535,1
9536,1
9537,1
9538,1
9539,1
9540,2
9541,2
9542,2
9543,2
9544,2
9545,4
9546,4
9547,4
9548,4
9549,4
9550,2
9551,2
9552,2
9553,2
9554,2
9555,2
9556,2
